timestamp,question,answer,evidence,sources,feedback
2026-05-07T23:40:56.673102,what is state ?,"[{'type': 'text', 'text': 'State is data representing UI and logic.', 'extras': {'signature': 'EuQGCuEGAQw51sfVSLLHlsHCzjxGudpue1HI4a7nk9IqrlaWWBZZ8bUhMmUnjGQKSqBOu3u4zajU4XXJBM3/9uq43gxHc9I1Pm8IhCU2sK/utvyJq8V2M7t8DlMLNdRGDQBx5eXuRtCSJISIqS2He5FdES6RzNaPPGU7Y1ZFxXel6y6UlGU36Q9EuomA0z6G+rdEy2RlULWyiDIplHJRgPn38ZmHD0sZe612RxbQeU5UDIntAAZQUHGgLobsHK0874IkYHXTfZgyVetrbi6rlUk9kgMclQYR4wtq/q6yjg63lY4AatkWO6znIyf/rSWvAFY4EgHq5p3HBrL/Mz9Hx858TiHK1aRVFn7BthHuyrrrzWUPjpoaES2AhgSfIfLF56vWZVYNgkmoTdssZmgTSk5lspKwlg9iJONfGdAjKTfS8Ue/1M3aS5ubEMHuJr7fqEB104+PvM/bJAXboFM7lpPYpbX+LoXIWMwcH9pSIoEZI8JFbMBGLIvbBBNISMmZL3F/FTZ+SjrkJ6sXtrbGAf2zPRyVSszmSq2On8jpYVwR+W47nGiNHeoyVhAhll6PJtBxy/lGJYmPj9GeEW/X7qOL1Ei2sMqkBM2UGpBbbKi0we05Vsw/Uzdva8SsvNgTDSBogcUTTVo/Lt3MlGEaW78lNyM8Uvc4F9qbUKKJjoOd34NlWqHRVREXZEVdZZlnn0EWtaA98EzDr5eZybIw0FZadoi4a9OAV3gBk82n/X4UDMwPGkFTzCNbK+1IshU01j5J4qOCupm55FChLaKCVr6RFiaR2ILCTnpbLGIcubfoyeSKq+xDatysrhB8RwIIBVEyw4+/fNIrAMNOgt27A/eIjCLMrOXcVgXaPFS8X5zv44lwsYT9dE5Yb/FnvVYH1WP9ObZqkt6iZ1AbsEOU+33yq2Wwgkht4iP4IFM/7+P4Z93gGyWFUSnHGNm/7KhHz6WeyQkZkbBovHfbThRsuoh2nv/sphdyP+MYyQCNjRphQvBJ4Jcksmkq/ciMwSfYwMhfsl0pj1J/YApGHKzUkRWQSl59mvDykFEI5GI6BEBsx43DHMomBPn5EmO7kjQGSw8iKwFC/RvqqEezch5YqnZPSPjYnB6yUU1n103bGknxTNKHR/LPuZ/FDRQJAVGGugfzuMz9mg=='}}]",Medium,"BWMA_FULL_Question_Answer_Bank.pdf | Page 8 | Score 1.4047 | PART 4 – STATE, TESTING & PERFORMANCE Q1. What is state? A: Data representing UI and logic. Q2. Why manage state? A: Consistency and predictability. Q3. Simple state management? A: Singleton service. Q4. Why not always NgRx? A: Overhead for small apps. Q5. What is SHARI? A: Shared, Hydrated, Available, Retained, Interacted. Q6. What is an Angular s... || BWMA_FULL_Question_Answer_Bank.pdf | Page 4 | Score 1.621 | Q18. What does fetch return? A: A Promise resolving to a Response object. Q19. How parse JSON from fetch? A: response.json(). Q20. What is HTTP? A: HyperText Transfer Protocol. Q21. What does stateless mean? A: Server remembers no previous requests. Q22. HTTP vs HTTPS. A: HTTPS is encrypted using TLS. Q23. HTTP runs on which protocol? A: TCP. Q24. ... || BWMA_FULL_Question_Answer_Bank.pdf | Page 7 | Score 1.7356 | Q18. What is an SPA? A: Single Page Application. Q19. Soft navigation uses? A: window.history Q20. Hard reload uses? A: window.location Q21. Best CMS for SPAs? A: Headless CMS. Q22. What is headless CMS? A: Delivers JSON instead of HTML. || BWMA_FULL_Question_Answer_Bank.pdf | Page 4 | Score 1.7421 | A: Describes body data format. Q29. What do status codes show? A: Success or failure of a request. Q30. Explain 200, 400, 401, 404, 500. A: Success, bad request, unauthorized, not found, server error. Q31. What is CORS? A: Cross-Origin Resource Sharing. Q32. Why CORS exists? A: Browser security. Q33. Who enforces CORS? A: The browser. Q34. What def...",pending
2026-05-07T23:41:13.738457,what is state ?,"[{'type': 'text', 'text': 'State is data representing UI and logic.', 'extras': {'signature': 'EoMICoAIAQw51scLAer7AtCVz9YaC5Ls2pXLh8mEnmv7DVTzgmFHB51yRvnsp63tplAl7fsrjhdxEwWEpOCJIA6GAtXN40B4F8WvT8M3DH08O30jHf+OssJTAv83cHgMnjrfErfJRlRDAR9PI7EpPTkIDWzUtpQA1w6+YJ6FNOV3UKyzLU+MGi5+IAljqaWqYw7oA9BEUc9hrRQ+XVo5qmvcMcB80JoiCaDx0Kq3SwVd0AQgIzLBRDl2DwzMlIcPc5JZUys8B3F9MHbujzcmJvgM+0iuD4tkD2opJWpKniRLmlQ0e2d/c+quOTCRM/m/6DhBtGbM6ICR7JiCa70DkrDc7Xos2mrn4Vhox8zybc9E2IZoShMdeBOJP1OvP6uqmNEIOVe+DBi3NXjgpfqtv18SvZEkKKHPA4m6n56fCwQ2rM5mhCeO2YKlQR+Bhzw+MJMqH+LwsDEE3oBqI9XfHwoi14X7XytPgquUUKYbKvkNtxjUR3sKCZ50JfEQUC6OxWvXcfRGTHkq7aZtFhEbdJrYHKtobdhhUfABBmyk5OZBK5eTeODjm0lfT4QlcA86fsCfMIh56dD3zEE49mmCbLDaA4Fuc56fqfnBFaaY/d7O1+7xmg1uW/n2GI/LJL10vxYgDDcc+nVPtrJfdC3RzRcbBm7O7mtxnjD1DY9POI+4irKmClqf2z4ZRd9HtBe+zlJAlkLAH7+LAvIEipxsGbhkTZNl0TCK012svgdnLZTFv89CqkdKBdQa9JmRG5nJTDydEQbab+ZIoktj+t3ShaKymqT5QmSxd88qK0Sjq6Ol/FxxjtXlhLDPWS5pxod3r2PmPsfrePT9hr8AUqMR4IuYUr3+LyKpIYFaahuJM4tR5kXdZINEx7lXsTOhaPMNUNhrNTXzx6U/pWEg8dH/EFS0170iMZ2eUH38kB0e619I5BHy+JYMReIlL5cYs+/SsoLcrUoFY3rpN6T0Y6re98t5oWc+djk6GLg0t7FtegVU401MyUPW5J9i/5N8ejijaQvVkY7af0dhqUiKd+RK51sIaTfNjLaenPt5IgPa6QAyU7Dyi2tZ4Ze0Yw0mHmoP4Gh4DFUPnGAmZdOL9u7ayxJf8UpwG4XR15Y2MbBQ7Og1lvxzEo0XTLCPs7GTroeuDhDNnCQXkeS7dISPFD5mUnnXNFVPd83gk4sVkrP3u7tqK6yFVro3SZMaMVpYpv87efCi1oXgUPZydqG/6geeIc34tDBfvOLfULTTvlxW6aKBmk2QjioqsWG7SjNDlAARiFr0cT4VNbA5zsYHGPZxQ+eqb61SH3yyygTS9reXZ3PH7Vg6Kb6krpnGgkz1Pgo4cIGYwv4kNTK2EyxDEpjSjbRQA9RH0w=='}}]",Medium,"BWMA_FULL_Question_Answer_Bank.pdf | Page 8 | Score 1.4047 | PART 4 – STATE, TESTING & PERFORMANCE Q1. What is state? A: Data representing UI and logic. Q2. Why manage state? A: Consistency and predictability. Q3. Simple state management? A: Singleton service. Q4. Why not always NgRx? A: Overhead for small apps. Q5. What is SHARI? A: Shared, Hydrated, Available, Retained, Interacted. Q6. What is an Angular s... || BWMA_FULL_Question_Answer_Bank.pdf | Page 4 | Score 1.621 | Q18. What does fetch return? A: A Promise resolving to a Response object. Q19. How parse JSON from fetch? A: response.json(). Q20. What is HTTP? A: HyperText Transfer Protocol. Q21. What does stateless mean? A: Server remembers no previous requests. Q22. HTTP vs HTTPS. A: HTTPS is encrypted using TLS. Q23. HTTP runs on which protocol? A: TCP. Q24. ... || BWMA_FULL_Question_Answer_Bank.pdf | Page 7 | Score 1.7356 | Q18. What is an SPA? A: Single Page Application. Q19. Soft navigation uses? A: window.history Q20. Hard reload uses? A: window.location Q21. Best CMS for SPAs? A: Headless CMS. Q22. What is headless CMS? A: Delivers JSON instead of HTML. || BWMA_FULL_Question_Answer_Bank.pdf | Page 4 | Score 1.7421 | A: Describes body data format. Q29. What do status codes show? A: Success or failure of a request. Q30. Explain 200, 400, 401, 404, 500. A: Success, bad request, unauthorized, not found, server error. Q31. What is CORS? A: Cross-Origin Resource Sharing. Q32. Why CORS exists? A: Browser security. Q33. Who enforces CORS? A: The browser. Q34. What def...",pending
2026-05-07T23:41:13.764486,what is state ?,"[{'type': 'text', 'text': 'State is data representing UI and logic.', 'extras': {'signature': 'EoMICoAIAQw51scLAer7AtCVz9YaC5Ls2pXLh8mEnmv7DVTzgmFHB51yRvnsp63tplAl7fsrjhdxEwWEpOCJIA6GAtXN40B4F8WvT8M3DH08O30jHf+OssJTAv83cHgMnjrfErfJRlRDAR9PI7EpPTkIDWzUtpQA1w6+YJ6FNOV3UKyzLU+MGi5+IAljqaWqYw7oA9BEUc9hrRQ+XVo5qmvcMcB80JoiCaDx0Kq3SwVd0AQgIzLBRDl2DwzMlIcPc5JZUys8B3F9MHbujzcmJvgM+0iuD4tkD2opJWpKniRLmlQ0e2d/c+quOTCRM/m/6DhBtGbM6ICR7JiCa70DkrDc7Xos2mrn4Vhox8zybc9E2IZoShMdeBOJP1OvP6uqmNEIOVe+DBi3NXjgpfqtv18SvZEkKKHPA4m6n56fCwQ2rM5mhCeO2YKlQR+Bhzw+MJMqH+LwsDEE3oBqI9XfHwoi14X7XytPgquUUKYbKvkNtxjUR3sKCZ50JfEQUC6OxWvXcfRGTHkq7aZtFhEbdJrYHKtobdhhUfABBmyk5OZBK5eTeODjm0lfT4QlcA86fsCfMIh56dD3zEE49mmCbLDaA4Fuc56fqfnBFaaY/d7O1+7xmg1uW/n2GI/LJL10vxYgDDcc+nVPtrJfdC3RzRcbBm7O7mtxnjD1DY9POI+4irKmClqf2z4ZRd9HtBe+zlJAlkLAH7+LAvIEipxsGbhkTZNl0TCK012svgdnLZTFv89CqkdKBdQa9JmRG5nJTDydEQbab+ZIoktj+t3ShaKymqT5QmSxd88qK0Sjq6Ol/FxxjtXlhLDPWS5pxod3r2PmPsfrePT9hr8AUqMR4IuYUr3+LyKpIYFaahuJM4tR5kXdZINEx7lXsTOhaPMNUNhrNTXzx6U/pWEg8dH/EFS0170iMZ2eUH38kB0e619I5BHy+JYMReIlL5cYs+/SsoLcrUoFY3rpN6T0Y6re98t5oWc+djk6GLg0t7FtegVU401MyUPW5J9i/5N8ejijaQvVkY7af0dhqUiKd+RK51sIaTfNjLaenPt5IgPa6QAyU7Dyi2tZ4Ze0Yw0mHmoP4Gh4DFUPnGAmZdOL9u7ayxJf8UpwG4XR15Y2MbBQ7Og1lvxzEo0XTLCPs7GTroeuDhDNnCQXkeS7dISPFD5mUnnXNFVPd83gk4sVkrP3u7tqK6yFVro3SZMaMVpYpv87efCi1oXgUPZydqG/6geeIc34tDBfvOLfULTTvlxW6aKBmk2QjioqsWG7SjNDlAARiFr0cT4VNbA5zsYHGPZxQ+eqb61SH3yyygTS9reXZ3PH7Vg6Kb6krpnGgkz1Pgo4cIGYwv4kNTK2EyxDEpjSjbRQA9RH0w=='}}]",Medium,"BWMA_FULL_Question_Answer_Bank.pdf | Page 8 | Score 1.4047 | PART 4 – STATE, TESTING & PERFORMANCE Q1. What is state? A: Data representing UI and logic. Q2. Why manage state? A: Consistency and predictability. Q3. Simple state management? A: Singleton service. Q4. Why not always NgRx? A: Overhead for small apps. Q5. What is SHARI? A: Shared, Hydrated, Available, Retained, Interacted. Q6. What is an Angular s... || BWMA_FULL_Question_Answer_Bank.pdf | Page 4 | Score 1.621 | Q18. What does fetch return? A: A Promise resolving to a Response object. Q19. How parse JSON from fetch? A: response.json(). Q20. What is HTTP? A: HyperText Transfer Protocol. Q21. What does stateless mean? A: Server remembers no previous requests. Q22. HTTP vs HTTPS. A: HTTPS is encrypted using TLS. Q23. HTTP runs on which protocol? A: TCP. Q24. ... || BWMA_FULL_Question_Answer_Bank.pdf | Page 7 | Score 1.7356 | Q18. What is an SPA? A: Single Page Application. Q19. Soft navigation uses? A: window.history Q20. Hard reload uses? A: window.location Q21. Best CMS for SPAs? A: Headless CMS. Q22. What is headless CMS? A: Delivers JSON instead of HTML. || BWMA_FULL_Question_Answer_Bank.pdf | Page 4 | Score 1.7421 | A: Describes body data format. Q29. What do status codes show? A: Success or failure of a request. Q30. Explain 200, 400, 401, 404, 500. A: Success, bad request, unauthorized, not found, server error. Q31. What is CORS? A: Cross-Origin Resource Sharing. Q32. Why CORS exists? A: Browser security. Q33. Who enforces CORS? A: The browser. Q34. What def...",helpful
2026-05-09T20:15:56.211394,What is this document about?,I could not find enough evidence in the uploaded documents.,Low,"Master Team Project Summer 2025 Milestone 4 Team 1.pdf | Page 3 | Score 1.5519 | moderation actions. 12. Guest Access - ( P1 ) Guests can browse listings, categories, and public reviews but cannot post, message or purchase. 13. Log Delivery and Orders - ( P1 ) All transactions are mocked and displayed as “payment successful” when user clicks on complete Payment button. 1.2 Unique Features 1. Translate Text - ( P1 ) The applicat... || Master Team Project Summer 2025 Milestone 4 Team 1.pdf | Page 2 | Score 1.5847 | bookings, creating a simple, self-sustaining campus marketplace that’s fast, trusted, and built for student life. To make things even easier for international students, we’ve added a Translate Message feature—helping users chat without language barriers and making the platform more inclusive. 1. FUNCTIONAL REQUIREMENTS 1.1 Common Features 1. Regist... || Master Team Project Summer 2025 Milestone 4 Team 1.pdf | Page 2 | Score 1.5877 | and availability. 5. Message Buyers and Sellers - ( P1 ) Registered users can message each other to negotiate sales, schedule calls for discussion, and coordinate deliveries. 6. Place Order and Checkout - ( P1 ) Users can place orders. Orders include product details, total price, and notes. 7. Book and Manage Delivery- ( P1 ) The system must allow ... || Master Team Project Summer 2025 Milestone 4 Team 1.pdf | Page 1 | Score 1.5938 | Aishwarya Ravi aishwarya.ravi@informatik.hs-fulda.de GitHub Master, Backend Developer 1540215 aishwaryaravi1302 Bindu Laksmanappa bindu.lakshmanappa@informatik.hs-fulda.de FrontEnd 1511297 BinduLakshmanappa",pending
2026-05-09T20:17:03.367213,"Summarize this document in 5 bullet points.
","[{'type': 'text', 'text': 'Based on the provided context, here is a summary of the document:\n\n*   **Core User Features:** Registered users can message others to negotiate sales, place orders with specific product details, and select from multiple configurable delivery modes.\n*   **Guest Access:** Guests are permitted to browse listings, categories, and public reviews, but they cannot post, message, or purchase items.\n*   **Unique Functionalities:** The system includes a text translation feature for English and German and utilizes a mocked payment system that logs all transactions as ""payment successful.""\n*   **Search Usability Testing:** The ""Hand2Hand"" search feature was evaluated based on clarity, ease of use, relevance, layout, and responsiveness.\n*   **Testing Results:** Usability scores were generally positive, with the search bar\'s clarity receiving the highest average score (4.6) and search result relevance receiving the lowest (3.2).', 'extras': {'signature': 'EqgVCqUVAQw51sfngBEOToi/KrNGUbZzx+OicbpA3de+TI4qF9mMAoRCyvSqU99qR8yb8QzeqKf2rnsfUiKixlv/x31wygiESuhIhSawELoJ5aCZ6qYycZVE7QoNR0y1gtQb4r/BMyorGSMgpCzHS4b7UfPNcvhliAz2GRByn1WWI5yJi4ccGhfKX7y3aJL8pRifSUI70jUEO8j8HgryANviq/gAfZAF014gC1m3PbUr705zgIRJyLBMTJ25xkX+W59Guwb0GaEMmxyTbi5LoViEjHWvv5PYB/7ArA1dp1XKHDK7rFBzAlUzmXRgRH28T9BQeXiciQH3EEg6cqTB7Beypgrq/1E8xK6SHEsXrnmhyMCBcTuDFq869faoJittxjVAtJSubJ8hJ1NslP2GxA8uwaXTzgE6W9tT1rKlPb46IDCYznilmG8Mte2Q7fM44eYl/uuUfSNFRcLcVrcTxI7e3sOZIRmlKLqe5VtqB3yheTv5BO9HtnR/4Trm/C0SKOLzjyn3LCAhV2FDpGLc8xz156+NONJbhdhrptAF8dqt4r7BPDF6C/T8cKmR9FaXWw+tBxF67nQN3Q7pYKyg+axuW0oWNOfXIFmBYzdqt2sCJrUzINA1xaXA3vN+6A/B8/vJsCjuhAd7Ze49+hqTI69zzVMIp/jojjO2cQT35SeVoE7KfZOO8I55sN9HclebLN3mbP0aAnstU4O8Ojqw/bvXJoR+4W+LD3K0PyBaaCyjyZcqHqdRfUY5hfjm5Z+ZRMJAbTj5+4SNVgNyBk4KKR7hfvJ0OdbCu38R21vaGqMaz6UVrAtVVehjRdnz+A+D4yKXbg7wNh06QhManfGSbYd/J/zqcW5J59Nd3dxffNUtJP/c+jHzUpWmb89uS36bT4gimtwRiIMtBhGbN4szKY7AjErdEhR7FA6IgDNP3RaaYLIRjO+rbiCoU9db+YyCzZ9LVzJ5Fu6s95Ir8SMdFXasjS4ypPbBUmNlNwZEMBO8v8kHOkZnrnDMmpGBuuCczmqeICyRawVf6Iga9+VGJx5PXBGY5Pq1jWFum3PY9ZdLugD8TTgTWV7xl7u83vHuw2hTG+slbVkO2F+oZYMoBWlr/dX8SzpFyXpOro2+U22KUUUgjdt07BkCx3FtJ4vwyY4ZldkDyw4+RTjV9uJtNADJgbdrZb8p+tOTqR4aQqUG+gEqHCxt+0dRxB/KHp/UUsrsB4KvlAivRsTO4L9JvfykqmPbhYq63yxwIhrC/Wk3zlwz/XsJAJZcMfz3rkYJJE7GGooWUBKtkxV8RJuITHAEWQ/jDaT6eAhsN/vZGWHyU2iCXZtlg1QKmZg2wFFQHWbSgEpFLuPpA42doq/S7afj5t5iK2aQW4qVIOxeBsscj62OusSuCAkZq0AfEgHJ/4zQw3LuW9tJIOmvpb7EnMJ8hakyDiMzvdptH+Ung/HgDkSwHpDmXvtGZZ2P0cZBdIQwfPJCVwOV5YJ4hVF4zXZKmGF3bvsyDFS3vC1Kp42xAesPlHzWKmsxyZMN5NwiBLV1yxAVHkOaj745A5G3ld3mj8bwAzDJxdyQoDxpJUixXSTSR4ll3Mp3q0xG3yUKLwAnOi5X9JbkrpCASLP3gfRGeUHkwdnNROzefR/OnSSJnqsa2Dl4FtjE7jji7g81DSBbgiKlKMH6gphhuIWDAM9E5rxhNJIEONqVeclS1Jf2LRNjp7mBvuXyqiA+N7BFTttQ5nCq6MJiskpokRN+wDV53Sm7VIprZ+a1n45JBbMaYoDXrHKJKhsJCJihZlsVPTA2J/d9HhewKRWyetT48LmvRXL5G9IkZQWNo62gDsnAwV/x8jUYVqK54fQnu+tSRc+leteG8LdXg/F6FioDlHMqsDAUU9QJCN4zLVY/8cVNmhuIydQW06Ws216ghqS/wVQbSOhspGQcUYE6Zz1hpzAqZy/nQ4Vh9ZMN82w+/5zBavIO4tGpwECXdQw8CIecZd7z4VF8+pkARkwAVsExYitdks+7WITfHSIHG4rADHoDXU9qniGCsPNJp4OnzlPdP7Tgiyu5L3MMaaZsCzuf2Mepj59eMqTChcSO3oljrgn5robvaWvdeq4wq31nSWlIV3XfCkPmIKX4o0Bx9fzAC3BQb5TlPQ3Sw8NzYlSSl747zTAnQpTMk2AdB9GFypZAtFDmFtZZrVrL95hEyqEuaHDj6+AulK3IV38+KuaUuJ0x/WXDu3uPZZTscNXProb2seFDO1elc7G9SaCvsW1UZk/wopHlmYW4xtvKusBRnz2qzXOSl2GCV+Kz06D1iXcJ7KuzdD1nydol8Hdmk24B55KHoXV1gOWpJVtlwcsnMK18Rpht+fRaf632ShKUj7LboGFaiIcE1ozK4qku6HzSg+bwY79WOJY4Ur/jqcx30dnpTuBsV7c69h6jPQqpCC5bBAnM83bP8PT8/N8ynurQHHBj85xIg0ijTgdOlCH27va/PME2FiXGNwwtNOTq9wn4nXyUIozax4OOTcKjp3llWmpvSVyWsC+Pb/YBk98KQe8DXb1riABlXFxaB7NoiGwzf2n5RQFtkqNeX1SyqyfrstXELMOcVopayzw5QIgw/3Ve5r+6GgwIH2n4R0Z9mgau6oLczR4K1LzOXLOoyUXOa3I/p6QFvi1yqVpTspO58brd68j4/6mYMhDt9qX8KUXmKNIGwiA9HsFAnoWSQLh1zNu3R4Lq498hSOJp7BURmhcgS+S9syBQ5Sur7aZfK4PPqlgVFG/CuNXTPsUYJUDoZZwn6VLBD4Fi0Uof7PKAfm6ICya+MBGSThOIAeuo8Wt2KadHjFej9R1VNWy/y1WQxP/XP4laT+VP9fODT2tMKHJMsDoZ0KmvvVqZHtvV8vJOqYVzZAuaiuD1hEoNJaDhUnj6vnfkAXS83HP7oHEhaMINdeVFfTB+5nUQb9KwALe1xqi2tzWOJkKgsK5LMJHehBc+7J7dH2ByiWUlL3vQrPbBy7yGwQXVMNnCUfWE2udm/9BeMOvVjUVitlSQSKcExGkh3RxQ/Lk3pBQbdQfO3eBrvp2oCAB/IkLblhvGCIk8yRE5NyjYC3eewEDmlym1x7erqp3Ad6bb9ErTVJ1VuUvYRvNEUYooy90HbM9Ez6ZfmyLH1FSG2VPlMjH/iPslM5E2f5d7BRQZ4WAOm/6q9NHxrFs5n7bSERaGNt4NehbneP4y2pAAalt2Jm6wTjN1hGXq5ZwDQCWfxzBLlwNKlPvJ3ki9xoc40YhnIIXgaQLzuGrxJkXx+CGxqTRUYvtBIFr7P6rHXt4WG8mhzqobPEheIyFKPmSay8sEQsYevaITKXaFnYv5eXiKjS8VdPRqNKZ7XDu/dsff49YHflPQrRitEo4FbQGltbHs2Ym4/thJ5FCIIHlBvl4s/2XUlkhwold29OoglCLDyBJn/IEsESpFG2NN8bcC2wqAYPbOyi3OC2cOUtTbu/ujkYv9msRlaLrB83zMuTa5agDeomnSAvzF0X9HmCG3AG64SX8kQeeJI09evpxfi1K5xygz007VJaMtjmH4qBuoguTpTYQVIy5Zl0KMA72uTlFV1+OAoP/kgObq7GOD6VFhmtsXoNw48ZxQ1qeQE3aQxGAQI/PhFTwM8rNjwij+lu3FyQ=='}}]",Medium,"Master Team Project Summer 2025 Milestone 4 Team 1.pdf | Page 2 | Score 1.4718 | and availability. 5. Message Buyers and Sellers - ( P1 ) Registered users can message each other to negotiate sales, schedule calls for discussion, and coordinate deliveries. 6. Place Order and Checkout - ( P1 ) Users can place orders. Orders include product details, total price, and notes. 7. Book and Manage Delivery- ( P1 ) The system must allow ... || Master Team Project Summer 2025 Milestone 4 Team 1.pdf | Page 7 | Score 1.4986 | Code Statement S1 (Clarity) I found the search bar easy to locate and understand. S2 (Ease of Use) It was easy to use keywords and filters to narrow down product results. S3 (Relevance) The search results were relevant to what I was looking for. S4 (Layout) The layout of the search results made it easy to browse and choose products. S5 (Responsiven... || Master Team Project Summer 2025 Milestone 4 Team 1.pdf | Page 7 | Score 1.5537 | Tester Responses: Usability Features Strongly Disagree Disagree Neutral Agree Strongly Agree Average Score S1 (Clarity) : Search bar easy to locate and understand 0 0 0 2 3 4.6 S2 (Ease of Use) : Keywords and filters easy to use 0 0 0 4 1 4.2 S3 (Relevance) : Results matched expectations 0 1 2 1 1 3.2 S4 (Layout) : Layout made browsing easy 0 0 1 2... || Master Team Project Summer 2025 Milestone 4 Team 1.pdf | Page 3 | Score 1.573 | moderation actions. 12. Guest Access - ( P1 ) Guests can browse listings, categories, and public reviews but cannot post, message or purchase. 13. Log Delivery and Orders - ( P1 ) All transactions are mocked and displayed as “payment successful” when user clicks on complete Payment button. 1.2 Unique Features 1. Translate Text - ( P1 ) The applicat...",pending
2026-05-09T20:18:27.797869,"Extract the important requirements from this document.
","[{'type': 'text', 'text': 'Based on the provided document, the important requirements are:\n\n**Functional Requirements (Priority 1):**\n*   **Message Buyers and Sellers:** Registered users can message each other to negotiate sales, schedule calls, and coordinate deliveries.\n*   **Place Order and Checkout:** Users can place orders including product details, total price, and notes.\n*   **Book and Manage Delivery:** Users can select from configurable delivery modes (e.g., standard, express) with pricing and estimated delivery times based on location.\n*   **Match Delivery Request:** Users can request delivery matching.\n\n**System and Testing Requirements:**\n*   **Platform:** Buying and selling platform accessible via a web browser.\n*   **Operating System:** Ubuntu.\n*   **Browser:** Modern browser (such as Chrome).\n*   **Connectivity:** Stable internet connection.', 'extras': {'signature': 'EpcUCpQUAQw51sd2+IBDQ4LJWElkTxbZHa3ZekupQYe1fSzCUo+sdXnwVxnimyfB0CX1M588k981QkQ1C+5tAHGw+fbSfFGHL0eJWT938OC8Pv8u0inP3emEMoWqcN4tAyVGu9k26kOEGdfF5Uhkcop/D3VZMhQbqQhNV6MQaAi44+W5+o7kPFZ+cGEUzkS8nRF6AdT8cyCNApInAz1JxE8ESI7E2hIjO5P5DMXYCKaS8N06kCTAvKC+zijA7H6IHY9/AJwAlJMyTxS/PGD3FY4fAjXMEKgpcb+nADBOHHsCcEbldCwuEW+/RUgmo1D+eUnwyHWzGAfq1tcRylotgcjtSQZQrujM4E+0++ICIXAFD3TTIlAIm5Yrv1agiozL9IgyO0IIfktw1Qo3hqyxQYuSgUqhbjajpC8QLG8330yFf5bNPvbHRg1rPpjJ+zzmccjjTg8xvQ4dvQ6LvujmNCoRQu+Tv8rgkEXYok3b8dH0F5blf9TNhmLaqbKl5nphPoaOFtSZkcrWDXEELwxqI69Ni6fa7p+MLaqE4liB8AGI1d+Toks6SX0AkVTEskBP3Uvj6Y9wdgvkfCwCfep9Q0ITxVW+0bxESGXolEwc+PVTvG9nAjaqIogLG/pI/uozQaZrzhv6Gwqzs/HCK/hQMhPk4KWzM9GmNRGKb5vQ2/CozcDRbxn8KSBPDMyLC5vU58XYdToV5yycfDX/35aAIBe9qlW2SkFKewxCfcCZTy+wN6/ve3sy9FoRJ0ysWGqM0/n1vpKh/Yc7Et70GqwxNFp/Wx9yW9Zi//bCk4kENj8HkEqe7ZmMClll3ie+TeAcfPKnYvIXuC23SX4UfbPSLIxSOA/Eskz7DlzjgfPQbpZLxmZk10qIkPg8ymYMiw8IPhakG9n1w6nXO013514sHnHJRru6f81h5ud3YA3DHXuEujQYWaS5FJehfp8+AbAfxAvcoKclw1kgTXDxVCVdrQBczdyFT5I02fBuZJJs4IVJ/FPwhRefYChckXm5njxVdnb1dmJjYgR9f6vKPZ1++wFw5Xdy/N2VODI/dGDhCDYA+vfvZT9YP6W2Bv2QU8wYHA1cha6qM9WmOHzWl3azjby8n8hiOLmT7Ofe34dzy4RbW297X82ghQVqQmnIfFePGt4j8W9e47Egm27XEr+LFfgxuYSjsnAn6fh7fUo/G+cgA14j+jYCO/XydWmhqz6PcmeOTEGK9P9mzXil7Q+Q8IeU9byuFhhos2qLXOgZ2GmsdiFmFFGHGcP2g660LDKBLWLhfe22CkskrhR/LrUbcNPVrRbbhQw00i2FW4bubEN3z+VH1Gt796MPx2LjRa9TJ9K4L97kQhT/CJH+fIFqDHOCru71FzQkp16jkk/6vJG//ggAV1RGYk3Lay/vQaZVYWP/SuXAEUPGh2zlD1ngMC66wamQ605JG8bo+b+YpQx7PUx3pOQjoZEqFxs7fDf7iYhFMV9O7N/wKN8vOHJgSzZecaq7mv6KjsWXTl4amWtzbqK+2ra5eRp+K0Ve+QR7ZY1+bTNzqEch/trnXFtfZ1O3hOaC7OjqwGL/5Lit/RET6dxpdHiyeF9kakLvchp+jDJ2xbXDXmNzV68d/f0dU2gxLamzY5uDvA47wJ08AiVhsm4V018T/el7utcSaviiAr1PAeGXXHTb4CvpCXFliyD1H4kUOvrXipqlHEnDAO4Sy/lYY0X9/Jia3rXi173JWrFH8tweqFB4DTX2LARbp+lycdLGBBOsBzfFMeNrfzf//4IIdjaJcwyZ1QAEvaY9JQhWpaeZlbwiI2GhtiP3KX7qOwa33C1CTYt9QOyxriDuYP4vxAzgAjFX9oiV28ubgO6YcVMlj8bhwBY6anAn98wCLVC+PC4tlimbHpxs80TMZz0sqMbuYVzh1JF2UhYlr2LqU+uroBZaEpLseWcTj+P/fqUDR0lnZDkQwGAKTr4LOKtSRpV3YsVrZHyuowM6B1WVk4HyM0/1U0mSlPxsvPAH3WV5jCyV13FWM0revtQVQ6exijtdM+TElwaL0lyIdEmYy6fs3P1BF+JIypU8n6e8FTUQhyB6QaIcDhhfiqzi14xojelXMhvrtZ97sVIA4+sLY25uG94J8706Nj9Vaxm3Idb9vfYh2xk8GVIjaKM9EuEklix0RerMAcpVAmGymcb85pFwqmFmIrRqKD3CTHF15L0JWX19tvw/7juwmpj3b0QEgFaQNX7YsaSKHxPaLlLv0VkkvKZRdYg2o8QgxGNou515UBPZt+V+MsMowkaKkQugayWramkTYPrQUhr0ANFKIAnMonxjBoFTj3u2UtgA2eZcJiCgV3o2xUlVDrPCCYfphpZMm7UxAhDe5R7743oz5CaSpT7Llypw/mlO8Ai13FKYgTfXF1TARuHNcXqVaW/xylPMGe9/FzyitK6UQJzk5FLvJSbYLofAtb51oVKeszNpTqtmv6gkiwOxapS1Rh6zB3JVJhN1wkuGb10mzfdFVbw0wPX7QHnlOr44PxgHLkt3fXO1FHWVwzHrTA2itSg75q54MqsRRvMlTUyHpZ2D8vsz3d2icvheejdVbHLLyz/qQuj6NqRsyVpJIQbkDymU8mtLdVV2AfxL/C4k5pmWoluNOnhh1NGifGGKG7f8WUPIBIoxEMujWl+Z63YnREU9q0bwn3lO0jzX5tL/uxeCTOZaW7/at5dgrJgTd32+NgGmcXhgZPFAsMINwX4EGP4E8M5G1VIYWwEChWGzTTEreQjOs6RJnA0xXZBxIBJ3ZPfzxEjVSmZZKqmykaO4XA0fOvtiTnZ0ujwgSJtS5P7xCIdXBy0KMn9BxGUWkUVxQCG2h36d4VsaL+4hyhcfcwjBl08Kh3jC7kE7o+xkV61JxDOQJfXHtGHKBV2JQG/YtaG1HmseVny+nBAamw9/oP3xalKhnNXGdIHOCReeLzQOIjl9UcqoLgAeIxG68cio434C3W/V49RdoGzpjn3DvLuRNjUK0/wmk9HqWDHveHU/4ilpzLknARVEfZEyQFNykmrPuLcPnkZPvXvINAKqZZd2n0R7Vl3o1KClZ3PENizlTwpq/DtQ4mR4oJxZQUQ+0Jfhcum5hOqIK1JerFklsZx2qOBlOW8tYA+L4egcUePxGQU+cMUTJZ76Ntv5xiQMagfEKxD/4D4VyIuYRgsOw9/pqzkklY0rho5lAhDGC8RvvTLwR//oFygmfJyEu1g03784QcprnS8gXtqE03Lfq+lFJGwwQSQJoPXqGTLxIhkPaC4Lnk6Jhqu29pSA9xxxJx/cZCrrlpu2eIlWDvkbor6/jFW0CtWutMLK8LbryIS7gfYZjK4PAto+p8zNImLkRIG+4qaQLgLMx/NTmsF0l7pDi/uJ/AeHkz7unYnztU3r8b0mbhHAcfKrLYfXaRnPeYdTB//tKn8FqhEggEkpO+Di+uNdX0gE'}}]",Medium,"Master Team Project Summer 2025 Milestone 4 Team 1.pdf | Page 30 | Score 0.9773 | List of Non-Functional Requirements || Master Team Project Summer 2025 Milestone 4 Team 1.pdf | Page 2 | Score 1.365 | and availability. 5. Message Buyers and Sellers - ( P1 ) Registered users can message each other to negotiate sales, schedule calls for discussion, and coordinate deliveries. 6. Place Order and Checkout - ( P1 ) Users can place orders. Orders include product details, total price, and notes. 7. Book and Manage Delivery- ( P1 ) The system must allow ... || Master Team Project Summer 2025 Milestone 4 Team 1.pdf | Page 1 | Score 1.4185 | Aishwarya Ravi aishwarya.ravi@informatik.hs-fulda.de GitHub Master, Backend Developer 1540215 aishwaryaravi1302 Bindu Laksmanappa bindu.lakshmanappa@informatik.hs-fulda.de FrontEnd 1511297 BinduLakshmanappa || Master Team Project Summer 2025 Milestone 4 Team 1.pdf | Page 4 | Score 1.4337 | usefulness, ease, and clarity, gathered through a structured satisfaction questionnaire. Test Background and Setup System Setup: The system to be tested is a buying and selling platform accessible through a web browser. Testers will need a stable internet connection, a modern browser (like Chrome) with Ubuntu as the operating systems to test the fu...",pending
2026-05-09T20:19:27.508812,"Extract the important requirements from this document.
","[{'type': 'text', 'text': 'Based on the provided document, the important requirements are:\n\n**Functional Requirements (P1 Priority):**\n*   **Message Buyers and Sellers:** Registered users can message each other to negotiate sales, schedule calls, and coordinate deliveries.\n*   **Place Order and Checkout:** Users can place orders including product details, total price, and notes.\n*   **Book and Manage Delivery:** Users can select from multiple configurable delivery modes (e.g., standard, express) with pricing and estimated delivery times based on location.\n*   **Match Delivery Request:** Users can request delivery matching.\n\n**System and Setup Requirements:**\n*   **Access:** Buying and selling platform accessible via a web browser.\n*   **Connectivity:** Stable internet connection.\n*   **Software:** Modern browser (e.g., Chrome) and Ubuntu operating system.', 'extras': {'signature': 'EtYOCtMOAQw51sfu4PQOZWcY6blXsb/uB+kVPOCqVG3bRIQ25zQXv4yga02MZetZx8AiSDnZrackHhCeBPNojZlgISXyG7Wc+2yGAXfxLzZ9zu1PapqbYEF9nF6WzeG4VSgOF86/t0vzqN/GInbYdZKqdKrBtVMTt2sl/OVPDT216bxVwJpeyDoeqhLikSogMTZ1eGtdPa1M63zJXiWmx5J7KE/vYgRSZK0J2V0k3NVcEW9hYHm267B9AjRhhlDIOwUWAodS3KMkZpoC4N3+6Jz1xa0kkqclvPyQcmcd5G1YurSFtfPzMTt7/b3Cq5ZwFIxfwWn1RMhogm4OGQxG1Y2i6crRWXpnveV70PN8JVjiUaOSGHdr+BrIIZY6t1ui9B618xOnYHvKCQ7r+SSJqP67o0wICWlcEw0zxiEbyyvqfLKeTm9udCG4JjjF9H+2q2Yrsy1mfYZ+Gxu5r7+4bwJZi00lQiuqQ9H91Rf8mE/wjpPTtBbxw2olcU/RxVBdJUYkn8pkW+07uR4fJRfKvbx9mrblaaMTWZCE+Z2gDPfj+p6uLF0vfF5JiMXXoijmUO26OIJwTLp0KsHfyrifU8SRtaEL+hagRGaEOz14mCZEh3GnYFLc3a9cqIRensF9sTdJvp/c1GrZtmSW7zkhrCS6z0TmobQ99MdiUuJ4prK6NcXMSrjxsI9LsOH8V5FLNCIgTmpFQhKtMNXfkiTJHHbEJ4TK3PtGK8vmRJ7HWP5cFJeTMo9RbhKOR02g/Qxe3ofoW1ypLqHQnUJwS+BTtZuKNPLm58muukFJ6Tk8QIX+xO9SgmMWOgVsUKRLHIjcfC8J0bSvvmHSrb1DStsJwghUgxku+Fx3nnXBGWsqO3GD/VirG4lBFwp11BeMWLqPW7H8YQ4b6PiPBTRcP3lzB2HExtQg0u3U61Xajfig7t3+VsVEvdBKxRNWgodCYTqE9sb0atZxbqxY7jWEzK0yndVdJSa66LlSITHpe/sxXW/qWuPgDqCuBmlEv45R4w7zS1yxS/25bBY8C1Ibt+V2b1YQitunkeTIO2zwjDS46unpJpsNgYVFONWfsOqycqAW9qUvwbG8RuYH1OP9zb6V6fR3rNlGocrCbAaECPs4hj5DOMHGOVlHrPe5WPrHVq64FfCXxY6FFqOnOJhVA5YP4Vwcdkil1Nn6MkGE4ul99x3+y3aIHWpzewEFm1sIk3s8kWqeBQz/f4UTYYdSwFJV682Km9cPEwRTLEEcZIZRJn+zeaBsl9in0T241uuHmhZxCfCqmfoiiLBl2ntxrfYbee/JEIOSvYKM/LLkQWDtlgeTJyMKhdUKYfOSd0R1QyMtYV+O/JlnScX28R7ab8Jyytj5yV7bWA3JxagioA1jiCHswGhnXbrCuCSRra8noHkYvOvMyjUuox9eMHZp0byQMg6b2Lt9JGdjY3UHOyvCffTRWW8FoI8kI7B45+KfUBxmdJMOxanTws+gOfMapKz0Ok7NKNOE8OEm+T7sKdUUCB3QmQgwa4tv1fdC1r6fUxXpokB2n+Po4Wh371oQzbsQLhiIpp4iOaGpV0xz3/KAQe2aIe1dia0LYwwkYy8qQaTG6tXwH7XbWkhffgVvfmGBvvCeR7+0LfgcnLcpP4zrkqwp+L18+kRFNxY/9pXKffU/sEF23BRDq4abpMpv5URx8D7Or6yDpfbK3ZTZ8ky6VAsFTgbhButMkSOp8XBW8aO/eS9TOQ5NGhMWViKFuJ4/cRoOKsAsycPQdnHUSXCs4173Vh1gy3JGLk9OZ0RkSvn7rQovMl2EwS4szbSv35tpyNhK8i/dfu0Yk+usIWAObmHnXKMSDNLP8AUCyaz8SDVjeDs1sJk76kGI7TsmBfz8NDM+lPl6IA6+5Lnr1fpc/k/g4JK63MUULqgz4mABENv/ycNfM2Ses9MF6uzkSh2dFDafutEbvW6AuAkkNpyFCj4QIrhpHqbnVpXWwK0Gys4g9UjmXdPj0fClLTKhxoeJRDuYS2xd8RMtBdyg5wwavT5H59YzGLkl/4Dsy2IKd6qrX6GAqvka/ULqZ9g+44jekol7Z1T1qRdx/PBIu99ZX1V+Qye39enJrd29xLC10FaBsurJ1sypdhmCyR8BC1IqNk7jmxJVqDjw7kUMacWpKATpbY7PWT1AP7vM9bzsPDIW0w9Fl99i5OTWfn96UGlNrUOYIEjitnWJc6l58WPqrRziZiOxUVsZgwDtheGdKgpRN6coIgV6Kr2KwhoGTam7Gkne6kf7jmnKtU4bstsCJeF/EUgx4MMJopIY32briCNkS9yjP42Zp5BdeJnj/YwgNwhcqiICSIy7BDY0yBh1NJkgW4XJKfkpRO3UMYvkLHOwkw89xV4Mxz+oyTcpK4J0IsXFM2a9fGouCcUirWtTK/vskBTT1OQWqDdnpLN/gfzQRxI2syqLrROZ2qm298HQZD4TFN05YgPyfCAre01wn4Kneq1Zon+s0n5NhTPg/ESn/ZdfdWK2DjtA'}}]",Medium,"Master Team Project Summer 2025 Milestone 4 Team 1.pdf | Page 30 | Score 0.9773 | List of Non-Functional Requirements || Master Team Project Summer 2025 Milestone 4 Team 1.pdf | Page 2 | Score 1.365 | and availability. 5. Message Buyers and Sellers - ( P1 ) Registered users can message each other to negotiate sales, schedule calls for discussion, and coordinate deliveries. 6. Place Order and Checkout - ( P1 ) Users can place orders. Orders include product details, total price, and notes. 7. Book and Manage Delivery- ( P1 ) The system must allow ... || Master Team Project Summer 2025 Milestone 4 Team 1.pdf | Page 1 | Score 1.4185 | Aishwarya Ravi aishwarya.ravi@informatik.hs-fulda.de GitHub Master, Backend Developer 1540215 aishwaryaravi1302 Bindu Laksmanappa bindu.lakshmanappa@informatik.hs-fulda.de FrontEnd 1511297 BinduLakshmanappa || Master Team Project Summer 2025 Milestone 4 Team 1.pdf | Page 4 | Score 1.4337 | usefulness, ease, and clarity, gathered through a structured satisfaction questionnaire. Test Background and Setup System Setup: The system to be tested is a buying and selling platform accessible through a web browser. Testers will need a stable internet connection, a modern browser (like Chrome) with Ubuntu as the operating systems to test the fu...",pending
2026-05-09T20:19:27.519067,"Extract the important requirements from this document.
","[{'type': 'text', 'text': 'Based on the provided document, the important requirements are:\n\n**Functional Requirements (P1 Priority):**\n*   **Message Buyers and Sellers:** Registered users can message each other to negotiate sales, schedule calls, and coordinate deliveries.\n*   **Place Order and Checkout:** Users can place orders including product details, total price, and notes.\n*   **Book and Manage Delivery:** Users can select from multiple configurable delivery modes (e.g., standard, express) with pricing and estimated delivery times based on location.\n*   **Match Delivery Request:** Users can request delivery matching.\n\n**System and Setup Requirements:**\n*   **Access:** Buying and selling platform accessible via a web browser.\n*   **Connectivity:** Stable internet connection.\n*   **Software:** Modern browser (e.g., Chrome) and Ubuntu operating system.', 'extras': {'signature': 'EtYOCtMOAQw51sfu4PQOZWcY6blXsb/uB+kVPOCqVG3bRIQ25zQXv4yga02MZetZx8AiSDnZrackHhCeBPNojZlgISXyG7Wc+2yGAXfxLzZ9zu1PapqbYEF9nF6WzeG4VSgOF86/t0vzqN/GInbYdZKqdKrBtVMTt2sl/OVPDT216bxVwJpeyDoeqhLikSogMTZ1eGtdPa1M63zJXiWmx5J7KE/vYgRSZK0J2V0k3NVcEW9hYHm267B9AjRhhlDIOwUWAodS3KMkZpoC4N3+6Jz1xa0kkqclvPyQcmcd5G1YurSFtfPzMTt7/b3Cq5ZwFIxfwWn1RMhogm4OGQxG1Y2i6crRWXpnveV70PN8JVjiUaOSGHdr+BrIIZY6t1ui9B618xOnYHvKCQ7r+SSJqP67o0wICWlcEw0zxiEbyyvqfLKeTm9udCG4JjjF9H+2q2Yrsy1mfYZ+Gxu5r7+4bwJZi00lQiuqQ9H91Rf8mE/wjpPTtBbxw2olcU/RxVBdJUYkn8pkW+07uR4fJRfKvbx9mrblaaMTWZCE+Z2gDPfj+p6uLF0vfF5JiMXXoijmUO26OIJwTLp0KsHfyrifU8SRtaEL+hagRGaEOz14mCZEh3GnYFLc3a9cqIRensF9sTdJvp/c1GrZtmSW7zkhrCS6z0TmobQ99MdiUuJ4prK6NcXMSrjxsI9LsOH8V5FLNCIgTmpFQhKtMNXfkiTJHHbEJ4TK3PtGK8vmRJ7HWP5cFJeTMo9RbhKOR02g/Qxe3ofoW1ypLqHQnUJwS+BTtZuKNPLm58muukFJ6Tk8QIX+xO9SgmMWOgVsUKRLHIjcfC8J0bSvvmHSrb1DStsJwghUgxku+Fx3nnXBGWsqO3GD/VirG4lBFwp11BeMWLqPW7H8YQ4b6PiPBTRcP3lzB2HExtQg0u3U61Xajfig7t3+VsVEvdBKxRNWgodCYTqE9sb0atZxbqxY7jWEzK0yndVdJSa66LlSITHpe/sxXW/qWuPgDqCuBmlEv45R4w7zS1yxS/25bBY8C1Ibt+V2b1YQitunkeTIO2zwjDS46unpJpsNgYVFONWfsOqycqAW9qUvwbG8RuYH1OP9zb6V6fR3rNlGocrCbAaECPs4hj5DOMHGOVlHrPe5WPrHVq64FfCXxY6FFqOnOJhVA5YP4Vwcdkil1Nn6MkGE4ul99x3+y3aIHWpzewEFm1sIk3s8kWqeBQz/f4UTYYdSwFJV682Km9cPEwRTLEEcZIZRJn+zeaBsl9in0T241uuHmhZxCfCqmfoiiLBl2ntxrfYbee/JEIOSvYKM/LLkQWDtlgeTJyMKhdUKYfOSd0R1QyMtYV+O/JlnScX28R7ab8Jyytj5yV7bWA3JxagioA1jiCHswGhnXbrCuCSRra8noHkYvOvMyjUuox9eMHZp0byQMg6b2Lt9JGdjY3UHOyvCffTRWW8FoI8kI7B45+KfUBxmdJMOxanTws+gOfMapKz0Ok7NKNOE8OEm+T7sKdUUCB3QmQgwa4tv1fdC1r6fUxXpokB2n+Po4Wh371oQzbsQLhiIpp4iOaGpV0xz3/KAQe2aIe1dia0LYwwkYy8qQaTG6tXwH7XbWkhffgVvfmGBvvCeR7+0LfgcnLcpP4zrkqwp+L18+kRFNxY/9pXKffU/sEF23BRDq4abpMpv5URx8D7Or6yDpfbK3ZTZ8ky6VAsFTgbhButMkSOp8XBW8aO/eS9TOQ5NGhMWViKFuJ4/cRoOKsAsycPQdnHUSXCs4173Vh1gy3JGLk9OZ0RkSvn7rQovMl2EwS4szbSv35tpyNhK8i/dfu0Yk+usIWAObmHnXKMSDNLP8AUCyaz8SDVjeDs1sJk76kGI7TsmBfz8NDM+lPl6IA6+5Lnr1fpc/k/g4JK63MUULqgz4mABENv/ycNfM2Ses9MF6uzkSh2dFDafutEbvW6AuAkkNpyFCj4QIrhpHqbnVpXWwK0Gys4g9UjmXdPj0fClLTKhxoeJRDuYS2xd8RMtBdyg5wwavT5H59YzGLkl/4Dsy2IKd6qrX6GAqvka/ULqZ9g+44jekol7Z1T1qRdx/PBIu99ZX1V+Qye39enJrd29xLC10FaBsurJ1sypdhmCyR8BC1IqNk7jmxJVqDjw7kUMacWpKATpbY7PWT1AP7vM9bzsPDIW0w9Fl99i5OTWfn96UGlNrUOYIEjitnWJc6l58WPqrRziZiOxUVsZgwDtheGdKgpRN6coIgV6Kr2KwhoGTam7Gkne6kf7jmnKtU4bstsCJeF/EUgx4MMJopIY32briCNkS9yjP42Zp5BdeJnj/YwgNwhcqiICSIy7BDY0yBh1NJkgW4XJKfkpRO3UMYvkLHOwkw89xV4Mxz+oyTcpK4J0IsXFM2a9fGouCcUirWtTK/vskBTT1OQWqDdnpLN/gfzQRxI2syqLrROZ2qm298HQZD4TFN05YgPyfCAre01wn4Kneq1Zon+s0n5NhTPg/ESn/ZdfdWK2DjtA'}}]",Medium,"Master Team Project Summer 2025 Milestone 4 Team 1.pdf | Page 30 | Score 0.9773 | List of Non-Functional Requirements || Master Team Project Summer 2025 Milestone 4 Team 1.pdf | Page 2 | Score 1.365 | and availability. 5. Message Buyers and Sellers - ( P1 ) Registered users can message each other to negotiate sales, schedule calls for discussion, and coordinate deliveries. 6. Place Order and Checkout - ( P1 ) Users can place orders. Orders include product details, total price, and notes. 7. Book and Manage Delivery- ( P1 ) The system must allow ... || Master Team Project Summer 2025 Milestone 4 Team 1.pdf | Page 1 | Score 1.4185 | Aishwarya Ravi aishwarya.ravi@informatik.hs-fulda.de GitHub Master, Backend Developer 1540215 aishwaryaravi1302 Bindu Laksmanappa bindu.lakshmanappa@informatik.hs-fulda.de FrontEnd 1511297 BinduLakshmanappa || Master Team Project Summer 2025 Milestone 4 Team 1.pdf | Page 4 | Score 1.4337 | usefulness, ease, and clarity, gathered through a structured satisfaction questionnaire. Test Background and Setup System Setup: The system to be tested is a buying and selling platform accessible through a web browser. Testers will need a stable internet connection, a modern browser (like Chrome) with Ubuntu as the operating systems to test the fu...",helpful
2026-05-09T20:31:30.540269,Document is about ?,I could not find enough evidence in the uploaded documents.,Low,"Master Team Project Summer 2025 Milestone 4 Team 1.pdf | Page 3 | Score 1.5457 | moderation actions. 12. Guest Access - ( P1 ) Guests can browse listings, categories, and public reviews but cannot post, message or purchase. 13. Log Delivery and Orders - ( P1 ) All transactions are mocked and displayed as “payment successful” when user clicks on complete Payment button. 1.2 Unique Features 1. Translate Text - ( P1 ) The applicat... || Master Team Project Summer 2025 Milestone 4 Team 1.pdf | Page 2 | Score 1.6088 | bookings, creating a simple, self-sustaining campus marketplace that’s fast, trusted, and built for student life. To make things even easier for international students, we’ve added a Translate Message feature—helping users chat without language barriers and making the platform more inclusive. 1. FUNCTIONAL REQUIREMENTS 1.1 Common Features 1. Regist... || Master Team Project Summer 2025 Milestone 4 Team 1.pdf | Page 8 | Score 1.6321 | exactly match what they were looking for. While the main functionality is solid and user-friendly, improving how results are matched to search terms could make the experience even better. || Master Team Project Summer 2025 Milestone 4 Team 1.pdf | Page 21 | Score 1.651 | Suggestion #2 To change the field which was named as ‘PLZ’ to Postal code Updated Code after suggestion#2 Renamed the field to Postal code as PLZ was not that informative.",pending
2026-05-09T20:31:36.617569,Document is about ?,I could not find enough evidence in the uploaded documents.,Low,"Master Team Project Summer 2025 Milestone 4 Team 1.pdf | Page 3 | Score 1.5457 | moderation actions. 12. Guest Access - ( P1 ) Guests can browse listings, categories, and public reviews but cannot post, message or purchase. 13. Log Delivery and Orders - ( P1 ) All transactions are mocked and displayed as “payment successful” when user clicks on complete Payment button. 1.2 Unique Features 1. Translate Text - ( P1 ) The applicat... || Master Team Project Summer 2025 Milestone 4 Team 1.pdf | Page 2 | Score 1.6088 | bookings, creating a simple, self-sustaining campus marketplace that’s fast, trusted, and built for student life. To make things even easier for international students, we’ve added a Translate Message feature—helping users chat without language barriers and making the platform more inclusive. 1. FUNCTIONAL REQUIREMENTS 1.1 Common Features 1. Regist... || Master Team Project Summer 2025 Milestone 4 Team 1.pdf | Page 8 | Score 1.6321 | exactly match what they were looking for. While the main functionality is solid and user-friendly, improving how results are matched to search terms could make the experience even better. || Master Team Project Summer 2025 Milestone 4 Team 1.pdf | Page 21 | Score 1.651 | Suggestion #2 To change the field which was named as ‘PLZ’ to Postal code Updated Code after suggestion#2 Renamed the field to Postal code as PLZ was not that informative.",pending
2026-05-09T20:31:50.282396,Document is about ?,I could not find enough evidence in the uploaded documents.,Low,"Master Team Project Summer 2025 Milestone 4 Team 1.pdf | Page 3 | Score 1.5457 | moderation actions. 12. Guest Access - ( P1 ) Guests can browse listings, categories, and public reviews but cannot post, message or purchase. 13. Log Delivery and Orders - ( P1 ) All transactions are mocked and displayed as “payment successful” when user clicks on complete Payment button. 1.2 Unique Features 1. Translate Text - ( P1 ) The applicat... || Master Team Project Summer 2025 Milestone 4 Team 1.pdf | Page 2 | Score 1.6088 | bookings, creating a simple, self-sustaining campus marketplace that’s fast, trusted, and built for student life. To make things even easier for international students, we’ve added a Translate Message feature—helping users chat without language barriers and making the platform more inclusive. 1. FUNCTIONAL REQUIREMENTS 1.1 Common Features 1. Regist... || Master Team Project Summer 2025 Milestone 4 Team 1.pdf | Page 8 | Score 1.6321 | exactly match what they were looking for. While the main functionality is solid and user-friendly, improving how results are matched to search terms could make the experience even better. || Master Team Project Summer 2025 Milestone 4 Team 1.pdf | Page 21 | Score 1.651 | Suggestion #2 To change the field which was named as ‘PLZ’ to Postal code Updated Code after suggestion#2 Renamed the field to Postal code as PLZ was not that informative.",pending
2026-05-09T20:32:39.495491,Document is about ?,I could not find enough evidence in the uploaded documents.,Low,"Master Team Project Summer 2025 Milestone 4 Team 1.pdf | Page 3 | Score 1.5457 | moderation actions. 12. Guest Access - ( P1 ) Guests can browse listings, categories, and public reviews but cannot post, message or purchase. 13. Log Delivery and Orders - ( P1 ) All transactions are mocked and displayed as “payment successful” when user clicks on complete Payment button. 1.2 Unique Features 1. Translate Text - ( P1 ) The applicat... || Master Team Project Summer 2025 Milestone 4 Team 1.pdf | Page 2 | Score 1.6088 | bookings, creating a simple, self-sustaining campus marketplace that’s fast, trusted, and built for student life. To make things even easier for international students, we’ve added a Translate Message feature—helping users chat without language barriers and making the platform more inclusive. 1. FUNCTIONAL REQUIREMENTS 1.1 Common Features 1. Regist... || Master Team Project Summer 2025 Milestone 4 Team 1.pdf | Page 8 | Score 1.6321 | exactly match what they were looking for. While the main functionality is solid and user-friendly, improving how results are matched to search terms could make the experience even better. || Master Team Project Summer 2025 Milestone 4 Team 1.pdf | Page 21 | Score 1.651 | Suggestion #2 To change the field which was named as ‘PLZ’ to Postal code Updated Code after suggestion#2 Renamed the field to Postal code as PLZ was not that informative.",pending
2026-05-09T20:32:47.023860,Document is about ?,"[{'type': 'text', 'text': ""The document is a guide for candidates interested in working at Oviva, covering the company's story, interview process, perks, and commitments."", 'extras': {'signature': 'EvMJCvAJAQw51sebLMgEsPQWIihsTJMxkVIpDWhgXfCm8kCKyhs213+IRogFFf4XF9uIVVXXjAnMxSC2F6TYNiPdhVSnDTei2vv7m9VK5idJYmE4kK5r9k/C12G2BYCfcMylqyfMT7QhfstGPKh9jg9OEWFmKYh8QydfvaBWGAd3LZQABUCaoVMIqbFM76C7Kri13FoqhGBIBjnRcvnCpMKpYr3plMU0QZ54c8ybzZDlFW+MJMHPiDboewGN0N9hvA5yowLqYJbqViokaQp0opY/y5egjpaT/xeLNWvEeb09W/oq8noYcG3TxvJtK+qydyBprjAXaJ1330p0FLezd+IzLiSxo2JzhYSy7bSabOV86GrlJg7v1shZo+qgX3gCLBFGECCr9ON1GftX3rwd9tap7ge7+9DszWQ6mfWgC+Vytm5Y/w2oMyVU6fBtEjAU//f2oxnAUIE+0mStZqSnWD70BU1V+xgzu4VtUQECwN4kxWo8k0DnOYwaGHNnuXLL16xQDaJoUTp6mYaOTnyDN8fBxoZknYM5We3YnykK89uTMPQAFz7mcLYwoQFVAEZCWDedpV8cqk1CjZyuCYEf45mjVUfeRV/2cLsA1cVfA2rMdD/xz8nB03zS9iWc2QoAwbd4xc6aAAqdKtKaPutpGkDDslfpvOnl8gGqsJpy6TP0EWvHZ5r34ZkQKYhbCZfTXDAEe+2JdCMr/bPUNm/KtvA4QWApLsxC6xUtl/UofdTtkgpiLlDVYam/N7U8X+Yfgm49uWvhvmsewHnG7FE23DNa/DmTtl4UNXg6s/nvywPEkDom2rG8U5tDRepoxr64Vgr64czefwKDRMlMEkQi6s5KUXEu6Eux2WiuxJELQsLVf8/Bym9DCIlvrkenwOPf37RFU+VPL84BWuJM/LUiHBlDS8LX9opkK21o7KL1l0MbZ4BEe4kTDnODKQnGhxmAvKTjW/3DSEsSGhtk3sj+/Grs4t/AAYnw8jWghRHOaOiD0j/TS5eT0o7iEaqhMdGBbDDfzffC5Gjj7oY554p2OIF8o4pXRjaVPnVycID/nsDUdGFERkpM2a5szbqT/GXxu8kahFdGkQAGOleG/etS1gc/kXrv36kjZMYDmOdninNDgqcmROQLlbac5SQ2NUIjA/PPwj/7cUGPt/h1wIJxfw5Kj4Jxcg1inAfVFCYNlU3VGjq8LZUThPYdR4eSeYpwK/8nIwzdFWmSrEbfKE7F+bAngPjz8ZTEa5y/9n2+IsCs4Wpzvk+p4yKhz3QSjaIuqJxxgOQvPVSGEOjMkhlwnYG9m0GGICmPiX0zeMBUxDNV2MJ4igy87mKEytg2RITs2xuHfkKbVr/a2BwOLJI2z2+Iz7j2AaoPejiRgEQ1aVdbvt3t+eYv5PHs5g38vWFrcYrQZsdIeDs1JI3QB6riXR/0UkOCUa1/qx79+38b7aYsJLTd6HqPZcAnFMFGTnfmlZ07eKsICMRO1j7z6jh+rftAmJvHIZYn5fVvo5L544zmJfhJdkOhhlqUcYxwjsJWOl9AK7ahW2xml8FLWmwcBL+cc7wxKRXaMZgbPdCCPEldUXWzwFoo3qGTmam18OkeJ+4zzLrWT0WkZqVyIVok0OAfyNm9LokHey53j4nxFyN2YrSNFvZ/ooDhFm6dOItWSB9IC9IZ3x+L48nsRtDude5KuyWDwA=='}}]",Medium,"Oviva Candidates Guide 2023_new.pdf | Page 2 | Score 1.4776 | 12 Our Perks 13 Our Interview Process 9 What Our Ovivans Say About Us 10 Our Commitments 7 Our Patient’s Story 8 Our Ovivans How to Prepare for an Interview with Us 6 5 Locations & Awards 3 Our Story 4 What We Do Contents Oviva Candidates Guide || Oviva Candidates Guide 2023_new.pdf | Page 3 | Score 1.5633 | together, providing those suffering from chronic diseases with the care they need. Mark, whilst practising as a doctor, saw the multiple barriers patients faced when accessing high-quality healthcare and was driven to find transformative solutions to this challenge. Our Story Oviva Candidates Guide3 “The Oviva story started in a conversation with a... || Oviva Candidates Guide 2023_new.pdf | Page 1 | Score 1.6362 | Oviva Candidates Guide || Oviva Candidates Guide 2023_new.pdf | Page 14 | Score 1.643 | Thank you for taking the time to find out more about us. https://oviva.com/global/en/career/",pending
2026-05-09T20:33:33.104042,"Summurize in 5 point
",I could not find enough evidence in the uploaded documents.,Low,"Oviva Candidates Guide 2023_new.pdf | Page 5 | Score 1.7526 | Locations & Awards 53% Women in Leadership 35+ Spoken Languages 350K+ Patients Treated 5 Global Headquarters Oviva is an award-winning digital healthcare provider supporting patients in the UK, Switzerland, Germany and France. With 700 employees, we are continuing to grow and our mission is to build a healthier future for all, our mission is to pro... || Oviva Candidates Guide 2023_new.pdf | Page 6 | Score 1.8575 | Our Patient’s Stories “The most noticeable difference is how I feel in myself. I am more active with my children and feel happier all around. I have managed to need a lab coat 15cm smaller and have lost 15.9kg after 9 weeks on meal replacements.” Ashlee, Tier 3 Way to Wellness “My life is so different compared to just a year ago. I now try new acti... || Oviva Candidates Guide 2023_new.pdf | Page 2 | Score 1.8746 | 12 Our Perks 13 Our Interview Process 9 What Our Ovivans Say About Us 10 Our Commitments 7 Our Patient’s Story 8 Our Ovivans How to Prepare for an Interview with Us 6 5 Locations & Awards 3 Our Story 4 What We Do Contents Oviva Candidates Guide || Oviva Candidates Guide 2023_new.pdf | Page 12 | Score 1.8853 | Our Interview Process 2 3 4 5 Focus Interview This is a more in-depth discussion focusing on your skills and capabilities, you will meet the hiring manager. This will be a chance to showcase what you can bring to the role and the opportunity to ask us any questions. Final Stage The process is different depending on the posi- tion you’re applying fo...",pending
2026-05-09T20:34:15.738837,"Summarize in 5 main point
","[{'type': 'text', 'text': 'Based on the provided documents, here is a 5-point summary:\n\n1.  **Mission and Focus:** Oviva is a digital healthcare provider focused on providing accessible and effective care for people with weight-related conditions and chronic diseases.\n2.  **Global Presence:** The company operates in the UK, Switzerland, Germany, and France, with five global headquarters and 700 employees.\n3.  **Impact and Scale:** Oviva has treated over 350,000 patients and maintains a diverse workforce with 53% women in leadership and over 35 spoken languages.\n4.  **Core Values:** The organization operates under three main values: putting the patient first, measuring and improving, and building winning teams.\n5.  **Recruitment Process:** The hiring process includes a focus interview on skills, a final stage involving tasks or case studies, and a formal offer from a Talent Acquisition Partner.', 'extras': {'signature': 'EsEWCr4WAQw51sdR+SjZMAkYmm5eGGd+ffKEVim0t+7ZfLEsue11nhv268ypzfKmadq/KZWWeAvxqWehM1UVhjgcJ8uoqi/kVmt4UjdbI+AE1t1/KhRuo0tP9kVMwf4UBaaxqIZuYjdSuVpZsTrM9WEgODLGULLEiGYy4OhO5k7P63o72E9A6Bw4u/p5FadYtlYrfmD1kGXFcn6Te8A8YJxMYPrsAw2T4Q7Ve0iFYwLEwgxK9PqS8PsVuw0Q7FUfraQh+3bqdMWlsrHxMjZSpjO+M0Eaww0vvZssMIybUouPJBcjZcPksomC69ELsk/9ROuqbrBEzMi6zuvlzSlY7rSSB80E8OgsO4pgV9pOxWDQBq9kRPmZGcPlebbZp0+BGSlAxXxcg8mWVgBeR2GeitxYZVxUXLL9Ay/2GstwsUZLYP4WUAxKwZ2lMztePtVPS1vUGdFV5yjJSUmCn95+T6RgN7qlWY1eRZi2cynTRf+vOMBscLPrjQ5GjcVgcbRu9KG9EYuNneBwiDVwwFZXp3TtDYzXEqcWMgEOkpAHVjbwHKD4UtJoCR1Th9aWrko4V+pfOgTq6Q/BiWc3VMuDwfNMmiCyYbviB3fBVW2rDgdIYZ6fA00r7iz8cUc9kY/kKSN/Y+T2aIcQDGKviu1+BTyMAPJCcL1PJ1Ro572LmNPn1hS2ubAm+Mi16ad9bH3At6A8PVJtO8xr/1K0bMzhNxjIrVSVARmxSHMVi0QetS9vVMIZqKzBUznoupXjScD0n4712vanw5FSNL0feKq29P+vFSftGPWNtnnhLe2rwxoXTBcThyX+pruJye/vraBIJKBMZ/W2bUd+8lkykWF4IqO2Wtucak9QxR9SvMw5q5sROGGoESYb52ROe6kN80Tif3CX5m8SMhL1qoTfy1uQ+y9YxeF94+CwR0wrPEUcUIQbpRMCVpdq8o+ryIYVg6MC0DwgTRvBXL7lkTg0bteF4Pt3evnMfXYNqz4gIFKGA97YDNCsBCZjk2SQjuw8ts/FHkVnZ+ZuvT5X52QSRRb4s883Of/sRL3ImC9+8yW9KqkGXocFlx7uDHQ4BzG4zfV+G8/1n+JvPGR+OqBUt03llf1LTkSpoq3CPPQbxFy/DZfgf6z4UjokQRTc9ZCWFfWZVXcDPVK80ICH1lqkDhcJlWuVRJapuiz01h9NbUy2FZTeygvBK2fUCe7Z5gjCbXsBN1qDVUTvSaZV34alYRY9eUSaVDhjOBIGE/4dAXu4Tr3fQcHYEIGqtxLTR57mbSwhjvRzT3piaEM6Q8s+TJj0WdOAP7DYyWtuvEfMlen04fcpTPny7YOdqCN+j9qMfC0e0VoG2sEpSWzDKdM7BabgzLnyxhObulpbRu2bdYYTZFUn6aiIVwelnIKuGi+yOHkfS4W5zIdEY40mfVySHB79sfIWDKI2Cke4DutAaGAI+rw9oC1OQoWLMswSIBetJIOApTpFojdCOH/xUfXMuUYWkWdyi1lWAn8PdfiMgdR9EyY6a7ebiWMQMuWzid1Lz+T758zruakx89LqCfbA5rCVPo6dYqRkUPq6CsHyeEt4StuIOLFnSVZxv0kQ4ECj7MIMtJ3YDFnziEy20s6bbo/N4SCOJQ8YBcg5+zSJecENbZ4LI9kyDRR0RwEWXGAx6UeK9zkKEelI3GkJHNnPZfYR8G96YZWvmk5x+z4bn5wbTJs9Jjn1oatbTQL4b8C/5Z/SFzIbwfbwn8gb7L5ZmBcvT0xhGm7F31AjQ2KGKEq2KZqf6xhYdoy04rvbmZqdolmsP+KQWLp1oJMtHlIHVPsTzJxWvxnlVF4L2sBh+GTQvGiDftcJldFTOg9Tr4lHb0Yjlm7/hgV1GB4mDtqykwHO6udEewpo9pdkk8H0JRZEpQkUa+NpaHBUl3McQj8UFwHeM7a7YEQV38UpFCzs+uSM45bKV6AJjuiqJ/w16KQoz/yQMRlRfWx9LICkt1+/vEJl3I/Be2OF1+OoXYbMAs0+DDSVcK26GJ5oq2QL0T9iF1W7KxRCxPEIcqWBxTEpa+acZzxm3sr8IKj/vja1CNvyF0Nt6v7AxvVdBIDRRLx7ouEr3sD9Het4PIaNELk6dhouFvqDoycYIlDLJ/7WpQ1x2A3M41wG7HqzYqFOSjeZe+PB25QCkch8P7yUdPH+qukEwv9Uv1WQmdGTs2Y6+aEpbRYI00kCXt5vgFH4mQZEkeuK/4bkNSBOypP3wIeCf2ufmOYy8suDMDvX6SSHgInIcnQdp7XdOWlKpAncOI8Xt1Ijq8DAeOCgV5lZveZAoXeFrgNWelS3b9dllt/y8fyHOY6nz72JHgl4EpueA3sneNPh6/QYmpexGGc03thSatCQJpST7Ppq6xmHKb80+zpT4SI8KdlpnybCtFeg0z0/Vrd8g0VPTzgsUcb35ARM7uOyXK9J1SMzUZ95n5KVeJmXRQ9/GqEzHW7uGJcs0fGPOba5NUiOMPvifTpF6txzyIq2cFEU7xnlV/VJ4uKwFPy8ZPCil+KIeFC+pGd0CcaqjnTvFMeIEcqtW0un90/rcT8CsPBgdUqGj2nFw23zjdfO89YJ7oDzPJYjIsO1BDsxXoDQs+iFNOcFFAXh03U+utJ/QqZfAfXF0UEcQOlBL6r2XJ2mlzl1Nq0ljsJerp9IJoSF2aCWPE7c56tEWaj4ofGC4iKIsquIEFTKKoOED6Y5kyI58+IT3ZKJfLO9xISHOeoMpMKgZv/iI6jQrV90Vha9GDi8G8HWIccVqxQTjUPLtEToVPuNP1siPcWvv5dvCehyCuxhknj/514m/kDyLA0SCYuauqcAYe2Al63SdErkPo8FBfMRl/mxCBYO2cCaTdyMlYsrrYMmKZqVvizzIpC0SMKhrfMm5WcwOy/0PXUPzmucJcyIPZuMNEvnR5WFDAAJFYK2jhexAB2oearHkvlaLiNJUS3E5KD3wlSXq0uvwxMpCr7D2V7tVDo3bYH07PKhI2x5A46U1LI1anWIv+W/VXnCYATIWetVNMHhV2u1joOcX5hgzCqCufh0fg6eXA9/Oj85P92ONrHyk+U59nPlkFuJaQpx4lMgSfO1mN5ZsyxziFukxhRomUUJk1qAwMtL8M0lPanNeSIBIsteeX5DrAen+8hLQzQMsX7E1bpv/PSJV7wK0I2XAimZ9sm5D8qPzKpIxi1IffOMcaGFLvSGa5kJLfkUUtuRWMXireEyS2B8nTZyGAfoRZb2Wx6MIja5jaivNSy07ToQEwA7wcGLUGk3dKVO3opiD/AIlUJPVF8DXyYKPsu7qPzRIf5ZpSKQqh4LlPsKhT19b1Y5EJC24TSmXb1Z7LxkPSrGDRHrD/0/RDcQh+qVzw1zgI3YU+SSo1S08bWNTKSEJpK50zZYKCji2GXPUjn7HDZ6/9ddyFRkJGBqUxwhhZsTdwxCELX4JpTJWNoCFit34UCmgevNb2BRmHRQJQbVQQ5pnTRDsrGPEYegfd6S0DlOL4XcqJ7/eGQHr//XHUQrlNWIi2jxhLgqzSHYy35oqOrEtTYucZuO1gSExNc59uXAYvwx00/vFXyI/5trHvvmzC1ckmSQksxzUTqIKhW0GCTaYmO/G0MvK31MHlpYc1+0f6ZO9D/hVgPkzVlNTpAv44Vkf2KHRF+xDOQs74zpX7lUJUKBWgT5dEOpp5fyYkOYxr2EjR2kmvnlcNyIWzfMp8UkAJVOUGUKNO0EyuBtgIs8ixwZa6C4VCIGgMtvL2XNktGMHiHO4e0QIl/9KzAMd8Gzz6p4hkjGpqjjTqku70pB5bBwac58s/hSfuDZ7Oban4S5BBDCJqmqMCXSj5y+pPZSaBTu87dtiw=='}}]",Medium,"Oviva Candidates Guide 2023_new.pdf | Page 2 | Score 1.4951 | 12 Our Perks 13 Our Interview Process 9 What Our Ovivans Say About Us 10 Our Commitments 7 Our Patient’s Story 8 Our Ovivans How to Prepare for an Interview with Us 6 5 Locations & Awards 3 Our Story 4 What We Do Contents Oviva Candidates Guide || Oviva Candidates Guide 2023_new.pdf | Page 3 | Score 1.724 | together, providing those suffering from chronic diseases with the care they need. Mark, whilst practising as a doctor, saw the multiple barriers patients faced when accessing high-quality healthcare and was driven to find transformative solutions to this challenge. Our Story Oviva Candidates Guide3 “The Oviva story started in a conversation with a... || Oviva Candidates Guide 2023_new.pdf | Page 5 | Score 1.742 | Locations & Awards 53% Women in Leadership 35+ Spoken Languages 350K+ Patients Treated 5 Global Headquarters Oviva is an award-winning digital healthcare provider supporting patients in the UK, Switzerland, Germany and France. With 700 employees, we are continuing to grow and our mission is to build a healthier future for all, our mission is to pro... || Oviva Candidates Guide 2023_new.pdf | Page 12 | Score 1.7562 | Our Interview Process 2 3 4 5 Focus Interview This is a more in-depth discussion focusing on your skills and capabilities, you will meet the hiring manager. This will be a chance to showcase what you can bring to the role and the opportunity to ask us any questions. Final Stage The process is different depending on the posi- tion you’re applying fo...",pending
2026-05-09T20:41:14.029444,What is this document about?,I could not find enough evidence in the uploaded documents.,Low,"Oviva Candidates Guide 2023_new.pdf | Page 3 | Score 1.5059 | together, providing those suffering from chronic diseases with the care they need. Mark, whilst practising as a doctor, saw the multiple barriers patients faced when accessing high-quality healthcare and was driven to find transformative solutions to this challenge. Our Story Oviva Candidates Guide3 “The Oviva story started in a conversation with a... || Oviva Candidates Guide 2023_new.pdf | Page 2 | Score 1.5173 | 12 Our Perks 13 Our Interview Process 9 What Our Ovivans Say About Us 10 Our Commitments 7 Our Patient’s Story 8 Our Ovivans How to Prepare for an Interview with Us 6 5 Locations & Awards 3 Our Story 4 What We Do Contents Oviva Candidates Guide || Oviva Candidates Guide 2023_new.pdf | Page 1 | Score 1.5499 | Oviva Candidates Guide || Oviva Candidates Guide 2023_new.pdf | Page 11 | Score 1.585 | h.i.r.o (Internal Referral Program) Help us grow and be rewarded for it. Internal Support and Advancement Financial Benefits Professional Development & Learning Oviva Candidates Guide11",pending
2026-05-09T20:41:45.516868,what is this document ?,I could not find enough evidence in the uploaded documents.,Low,"Oviva Candidates Guide 2023_new.pdf | Page 1 | Score 1.5791 | Oviva Candidates Guide || Oviva Candidates Guide 2023_new.pdf | Page 11 | Score 1.5814 | h.i.r.o (Internal Referral Program) Help us grow and be rewarded for it. Internal Support and Advancement Financial Benefits Professional Development & Learning Oviva Candidates Guide11 || Oviva Candidates Guide 2023_new.pdf | Page 3 | Score 1.5895 | together, providing those suffering from chronic diseases with the care they need. Mark, whilst practising as a doctor, saw the multiple barriers patients faced when accessing high-quality healthcare and was driven to find transformative solutions to this challenge. Our Story Oviva Candidates Guide3 “The Oviva story started in a conversation with a... || Oviva Candidates Guide 2023_new.pdf | Page 2 | Score 1.6124 | 12 Our Perks 13 Our Interview Process 9 What Our Ovivans Say About Us 10 Our Commitments 7 Our Patient’s Story 8 Our Ovivans How to Prepare for an Interview with Us 6 5 Locations & Awards 3 Our Story 4 What We Do Contents Oviva Candidates Guide",pending
2026-05-09T20:41:58.618364,what is this document ?,I could not find enough evidence in the uploaded documents.,Low,"Oviva Candidates Guide 2023_new.pdf | Page 1 | Score 1.5791 | Oviva Candidates Guide || Oviva Candidates Guide 2023_new.pdf | Page 11 | Score 1.5814 | h.i.r.o (Internal Referral Program) Help us grow and be rewarded for it. Internal Support and Advancement Financial Benefits Professional Development & Learning Oviva Candidates Guide11 || Oviva Candidates Guide 2023_new.pdf | Page 3 | Score 1.5895 | together, providing those suffering from chronic diseases with the care they need. Mark, whilst practising as a doctor, saw the multiple barriers patients faced when accessing high-quality healthcare and was driven to find transformative solutions to this challenge. Our Story Oviva Candidates Guide3 “The Oviva story started in a conversation with a... || Oviva Candidates Guide 2023_new.pdf | Page 2 | Score 1.6124 | 12 Our Perks 13 Our Interview Process 9 What Our Ovivans Say About Us 10 Our Commitments 7 Our Patient’s Story 8 Our Ovivans How to Prepare for an Interview with Us 6 5 Locations & Awards 3 Our Story 4 What We Do Contents Oviva Candidates Guide",pending
2026-05-09T20:42:41.846516,what is this document ?,I could not find enough evidence in the uploaded documents.,Low,"Oviva Candidates Guide 2023_new.pdf | Page 1 | Score 1.5791 | Oviva Candidates Guide || Oviva Candidates Guide 2023_new.pdf | Page 11 | Score 1.5814 | h.i.r.o (Internal Referral Program) Help us grow and be rewarded for it. Internal Support and Advancement Financial Benefits Professional Development & Learning Oviva Candidates Guide11 || Oviva Candidates Guide 2023_new.pdf | Page 3 | Score 1.5895 | together, providing those suffering from chronic diseases with the care they need. Mark, whilst practising as a doctor, saw the multiple barriers patients faced when accessing high-quality healthcare and was driven to find transformative solutions to this challenge. Our Story Oviva Candidates Guide3 “The Oviva story started in a conversation with a... || Oviva Candidates Guide 2023_new.pdf | Page 2 | Score 1.6124 | 12 Our Perks 13 Our Interview Process 9 What Our Ovivans Say About Us 10 Our Commitments 7 Our Patient’s Story 8 Our Ovivans How to Prepare for an Interview with Us 6 5 Locations & Awards 3 Our Story 4 What We Do Contents Oviva Candidates Guide",pending
2026-05-09T20:43:07.823133,What is this document ?,I could not find enough evidence in the uploaded documents.,Low,"Oviva Candidates Guide 2023_new.pdf | Page 1 | Score 1.5791 | Oviva Candidates Guide || Oviva Candidates Guide 2023_new.pdf | Page 11 | Score 1.5814 | h.i.r.o (Internal Referral Program) Help us grow and be rewarded for it. Internal Support and Advancement Financial Benefits Professional Development & Learning Oviva Candidates Guide11 || Oviva Candidates Guide 2023_new.pdf | Page 3 | Score 1.5895 | together, providing those suffering from chronic diseases with the care they need. Mark, whilst practising as a doctor, saw the multiple barriers patients faced when accessing high-quality healthcare and was driven to find transformative solutions to this challenge. Our Story Oviva Candidates Guide3 “The Oviva story started in a conversation with a... || Oviva Candidates Guide 2023_new.pdf | Page 2 | Score 1.6124 | 12 Our Perks 13 Our Interview Process 9 What Our Ovivans Say About Us 10 Our Commitments 7 Our Patient’s Story 8 Our Ovivans How to Prepare for an Interview with Us 6 5 Locations & Awards 3 Our Story 4 What We Do Contents Oviva Candidates Guide",pending
2026-05-09T20:43:37.106771,What is this document ?,I could not find enough evidence in the uploaded documents.,Low,"Oviva Candidates Guide 2023_new.pdf | Page 1 | Score 1.5791 | Oviva Candidates Guide || Oviva Candidates Guide 2023_new.pdf | Page 11 | Score 1.5814 | h.i.r.o (Internal Referral Program) Help us grow and be rewarded for it. Internal Support and Advancement Financial Benefits Professional Development & Learning Oviva Candidates Guide11 || Oviva Candidates Guide 2023_new.pdf | Page 3 | Score 1.5895 | together, providing those suffering from chronic diseases with the care they need. Mark, whilst practising as a doctor, saw the multiple barriers patients faced when accessing high-quality healthcare and was driven to find transformative solutions to this challenge. Our Story Oviva Candidates Guide3 “The Oviva story started in a conversation with a... || Oviva Candidates Guide 2023_new.pdf | Page 2 | Score 1.6124 | 12 Our Perks 13 Our Interview Process 9 What Our Ovivans Say About Us 10 Our Commitments 7 Our Patient’s Story 8 Our Ovivans How to Prepare for an Interview with Us 6 5 Locations & Awards 3 Our Story 4 What We Do Contents Oviva Candidates Guide",pending
2026-05-09T20:44:21.822681,Summarize in 5 point,I could not find enough evidence in the uploaded documents.,Low,"Oviva Candidates Guide 2023_new.pdf | Page 2 | Score 1.6496 | 12 Our Perks 13 Our Interview Process 9 What Our Ovivans Say About Us 10 Our Commitments 7 Our Patient’s Story 8 Our Ovivans How to Prepare for an Interview with Us 6 5 Locations & Awards 3 Our Story 4 What We Do Contents Oviva Candidates Guide || Oviva Candidates Guide 2023_new.pdf | Page 5 | Score 1.7804 | Locations & Awards 53% Women in Leadership 35+ Spoken Languages 350K+ Patients Treated 5 Global Headquarters Oviva is an award-winning digital healthcare provider supporting patients in the UK, Switzerland, Germany and France. With 700 employees, we are continuing to grow and our mission is to build a healthier future for all, our mission is to pro... || Oviva Candidates Guide 2023_new.pdf | Page 12 | Score 1.8079 | Our Interview Process 2 3 4 5 Focus Interview This is a more in-depth discussion focusing on your skills and capabilities, you will meet the hiring manager. This will be a chance to showcase what you can bring to the role and the opportunity to ask us any questions. Final Stage The process is different depending on the posi- tion you’re applying fo... || Oviva Candidates Guide 2023_new.pdf | Page 3 | Score 1.8333 | together, providing those suffering from chronic diseases with the care they need. Mark, whilst practising as a doctor, saw the multiple barriers patients faced when accessing high-quality healthcare and was driven to find transformative solutions to this challenge. Our Story Oviva Candidates Guide3 “The Oviva story started in a conversation with a...",pending
2026-05-09T20:44:27.812338,Summarize in 5 point,I could not find enough evidence in the uploaded documents.,Low,"Oviva Candidates Guide 2023_new.pdf | Page 2 | Score 1.6496 | 12 Our Perks 13 Our Interview Process 9 What Our Ovivans Say About Us 10 Our Commitments 7 Our Patient’s Story 8 Our Ovivans How to Prepare for an Interview with Us 6 5 Locations & Awards 3 Our Story 4 What We Do Contents Oviva Candidates Guide || Oviva Candidates Guide 2023_new.pdf | Page 5 | Score 1.7804 | Locations & Awards 53% Women in Leadership 35+ Spoken Languages 350K+ Patients Treated 5 Global Headquarters Oviva is an award-winning digital healthcare provider supporting patients in the UK, Switzerland, Germany and France. With 700 employees, we are continuing to grow and our mission is to build a healthier future for all, our mission is to pro... || Oviva Candidates Guide 2023_new.pdf | Page 12 | Score 1.8079 | Our Interview Process 2 3 4 5 Focus Interview This is a more in-depth discussion focusing on your skills and capabilities, you will meet the hiring manager. This will be a chance to showcase what you can bring to the role and the opportunity to ask us any questions. Final Stage The process is different depending on the posi- tion you’re applying fo... || Oviva Candidates Guide 2023_new.pdf | Page 3 | Score 1.8333 | together, providing those suffering from chronic diseases with the care they need. Mark, whilst practising as a doctor, saw the multiple barriers patients faced when accessing high-quality healthcare and was driven to find transformative solutions to this challenge. Our Story Oviva Candidates Guide3 “The Oviva story started in a conversation with a...",pending
2026-05-09T20:45:25.637359,What is this document about?,I could not find enough evidence in the uploaded documents.,Low,"Oviva Candidates Guide 2023_new.pdf | Page 3 | Score 1.5059 | together, providing those suffering from chronic diseases with the care they need. Mark, whilst practising as a doctor, saw the multiple barriers patients faced when accessing high-quality healthcare and was driven to find transformative solutions to this challenge. Our Story Oviva Candidates Guide3 “The Oviva story started in a conversation with a... || Oviva Candidates Guide 2023_new.pdf | Page 2 | Score 1.5173 | 12 Our Perks 13 Our Interview Process 9 What Our Ovivans Say About Us 10 Our Commitments 7 Our Patient’s Story 8 Our Ovivans How to Prepare for an Interview with Us 6 5 Locations & Awards 3 Our Story 4 What We Do Contents Oviva Candidates Guide || Oviva Candidates Guide 2023_new.pdf | Page 1 | Score 1.5499 | Oviva Candidates Guide || Oviva Candidates Guide 2023_new.pdf | Page 11 | Score 1.585 | h.i.r.o (Internal Referral Program) Help us grow and be rewarded for it. Internal Support and Advancement Financial Benefits Professional Development & Learning Oviva Candidates Guide11",pending
2026-05-09T20:45:54.596088,summarize in 5 point,I could not find enough evidence in the uploaded documents.,Low,"Oviva Candidates Guide 2023_new.pdf | Page 2 | Score 1.6496 | 12 Our Perks 13 Our Interview Process 9 What Our Ovivans Say About Us 10 Our Commitments 7 Our Patient’s Story 8 Our Ovivans How to Prepare for an Interview with Us 6 5 Locations & Awards 3 Our Story 4 What We Do Contents Oviva Candidates Guide || Oviva Candidates Guide 2023_new.pdf | Page 5 | Score 1.7804 | Locations & Awards 53% Women in Leadership 35+ Spoken Languages 350K+ Patients Treated 5 Global Headquarters Oviva is an award-winning digital healthcare provider supporting patients in the UK, Switzerland, Germany and France. With 700 employees, we are continuing to grow and our mission is to build a healthier future for all, our mission is to pro... || Oviva Candidates Guide 2023_new.pdf | Page 12 | Score 1.8079 | Our Interview Process 2 3 4 5 Focus Interview This is a more in-depth discussion focusing on your skills and capabilities, you will meet the hiring manager. This will be a chance to showcase what you can bring to the role and the opportunity to ask us any questions. Final Stage The process is different depending on the posi- tion you’re applying fo... || Oviva Candidates Guide 2023_new.pdf | Page 3 | Score 1.8333 | together, providing those suffering from chronic diseases with the care they need. Mark, whilst practising as a doctor, saw the multiple barriers patients faced when accessing high-quality healthcare and was driven to find transformative solutions to this challenge. Our Story Oviva Candidates Guide3 “The Oviva story started in a conversation with a...",pending
2026-05-09T20:47:11.234792,What is this document ?,I could not find enough evidence in the uploaded documents.,Low,"Oviva Candidates Guide 2023_new.pdf | Page 1 | Score 1.5791 | Oviva Candidates Guide || Oviva Candidates Guide 2023_new.pdf | Page 11 | Score 1.5814 | h.i.r.o (Internal Referral Program) Help us grow and be rewarded for it. Internal Support and Advancement Financial Benefits Professional Development & Learning Oviva Candidates Guide11 || Oviva Candidates Guide 2023_new.pdf | Page 3 | Score 1.5895 | together, providing those suffering from chronic diseases with the care they need. Mark, whilst practising as a doctor, saw the multiple barriers patients faced when accessing high-quality healthcare and was driven to find transformative solutions to this challenge. Our Story Oviva Candidates Guide3 “The Oviva story started in a conversation with a... || Oviva Candidates Guide 2023_new.pdf | Page 2 | Score 1.6124 | 12 Our Perks 13 Our Interview Process 9 What Our Ovivans Say About Us 10 Our Commitments 7 Our Patient’s Story 8 Our Ovivans How to Prepare for an Interview with Us 6 5 Locations & Awards 3 Our Story 4 What We Do Contents Oviva Candidates Guide",pending
2026-05-14T21:23:33.633789,what is this document about ?,I could not find enough evidence in the uploaded documents.,Low,"Oviva Candidates Guide 2023_new.pdf | Page 3 | Score 1.5059 | together, providing those suffering from chronic diseases with the care they need. Mark, whilst practising as a doctor, saw the multiple barriers patients faced when accessing high-quality healthcare and was driven to find transformative solutions to this challenge. Our Story Oviva Candidates Guide3 “The Oviva story started in a conversation with a... || Oviva Candidates Guide 2023_new.pdf | Page 2 | Score 1.5173 | 12 Our Perks 13 Our Interview Process 9 What Our Ovivans Say About Us 10 Our Commitments 7 Our Patient’s Story 8 Our Ovivans How to Prepare for an Interview with Us 6 5 Locations & Awards 3 Our Story 4 What We Do Contents Oviva Candidates Guide || Oviva Candidates Guide 2023_new.pdf | Page 1 | Score 1.5499 | Oviva Candidates Guide || Oviva Candidates Guide 2023_new.pdf | Page 11 | Score 1.585 | h.i.r.o (Internal Referral Program) Help us grow and be rewarded for it. Internal Support and Advancement Financial Benefits Professional Development & Learning Oviva Candidates Guide11",pending
2026-05-14T21:24:34.641924,give me summary of 5 point.,I could not find enough evidence in the uploaded documents.,Low,"Oviva Candidates Guide 2023_new.pdf | Page 2 | Score 1.6011 | 12 Our Perks 13 Our Interview Process 9 What Our Ovivans Say About Us 10 Our Commitments 7 Our Patient’s Story 8 Our Ovivans How to Prepare for an Interview with Us 6 5 Locations & Awards 3 Our Story 4 What We Do Contents Oviva Candidates Guide || Oviva Candidates Guide 2023_new.pdf | Page 12 | Score 1.7104 | Our Interview Process 2 3 4 5 Focus Interview This is a more in-depth discussion focusing on your skills and capabilities, you will meet the hiring manager. This will be a chance to showcase what you can bring to the role and the opportunity to ask us any questions. Final Stage The process is different depending on the posi- tion you’re applying fo... || Oviva Candidates Guide 2023_new.pdf | Page 3 | Score 1.7611 | together, providing those suffering from chronic diseases with the care they need. Mark, whilst practising as a doctor, saw the multiple barriers patients faced when accessing high-quality healthcare and was driven to find transformative solutions to this challenge. Our Story Oviva Candidates Guide3 “The Oviva story started in a conversation with a... || Oviva Candidates Guide 2023_new.pdf | Page 8 | Score 1.7743 | What Our Ovivans Say About Us Our culture embodies our mission and values, and everyone at Oviva has a meaningful impact not only on our patients but also on our culture. We want our employees to feel happy, heard, valued and challenged. Want to know what it’s really like working here? Check out what employees have to say about life at Oviva: “Our ...",pending
2026-05-14T21:24:49.757715,give me summary of 5 point.,I could not find enough evidence in the uploaded documents.,Low,"Oviva Candidates Guide 2023_new.pdf | Page 2 | Score 1.6011 | 12 Our Perks 13 Our Interview Process 9 What Our Ovivans Say About Us 10 Our Commitments 7 Our Patient’s Story 8 Our Ovivans How to Prepare for an Interview with Us 6 5 Locations & Awards 3 Our Story 4 What We Do Contents Oviva Candidates Guide || Oviva Candidates Guide 2023_new.pdf | Page 12 | Score 1.7104 | Our Interview Process 2 3 4 5 Focus Interview This is a more in-depth discussion focusing on your skills and capabilities, you will meet the hiring manager. This will be a chance to showcase what you can bring to the role and the opportunity to ask us any questions. Final Stage The process is different depending on the posi- tion you’re applying fo... || Oviva Candidates Guide 2023_new.pdf | Page 3 | Score 1.7611 | together, providing those suffering from chronic diseases with the care they need. Mark, whilst practising as a doctor, saw the multiple barriers patients faced when accessing high-quality healthcare and was driven to find transformative solutions to this challenge. Our Story Oviva Candidates Guide3 “The Oviva story started in a conversation with a... || Oviva Candidates Guide 2023_new.pdf | Page 8 | Score 1.7743 | What Our Ovivans Say About Us Our culture embodies our mission and values, and everyone at Oviva has a meaningful impact not only on our patients but also on our culture. We want our employees to feel happy, heard, valued and challenged. Want to know what it’s really like working here? Check out what employees have to say about life at Oviva: “Our ...",pending
2026-05-14T21:25:01.443732,"give me summary of 5 point.
",I could not find enough evidence in the uploaded documents.,Low,"Oviva Candidates Guide 2023_new.pdf | Page 2 | Score 1.6011 | 12 Our Perks 13 Our Interview Process 9 What Our Ovivans Say About Us 10 Our Commitments 7 Our Patient’s Story 8 Our Ovivans How to Prepare for an Interview with Us 6 5 Locations & Awards 3 Our Story 4 What We Do Contents Oviva Candidates Guide || Oviva Candidates Guide 2023_new.pdf | Page 12 | Score 1.7104 | Our Interview Process 2 3 4 5 Focus Interview This is a more in-depth discussion focusing on your skills and capabilities, you will meet the hiring manager. This will be a chance to showcase what you can bring to the role and the opportunity to ask us any questions. Final Stage The process is different depending on the posi- tion you’re applying fo... || Oviva Candidates Guide 2023_new.pdf | Page 3 | Score 1.7611 | together, providing those suffering from chronic diseases with the care they need. Mark, whilst practising as a doctor, saw the multiple barriers patients faced when accessing high-quality healthcare and was driven to find transformative solutions to this challenge. Our Story Oviva Candidates Guide3 “The Oviva story started in a conversation with a... || Oviva Candidates Guide 2023_new.pdf | Page 8 | Score 1.7743 | What Our Ovivans Say About Us Our culture embodies our mission and values, and everyone at Oviva has a meaningful impact not only on our patients but also on our culture. We want our employees to feel happy, heard, valued and challenged. Want to know what it’s really like working here? Check out what employees have to say about life at Oviva: “Our ...",pending
2026-05-14T21:27:25.254701,What is this document about?,I could not find enough evidence in the uploaded documents.,Low,"Oviva Candidates Guide 2023_new.pdf | Page 3 | Score 1.5059 | together, providing those suffering from chronic diseases with the care they need. Mark, whilst practising as a doctor, saw the multiple barriers patients faced when accessing high-quality healthcare and was driven to find transformative solutions to this challenge. Our Story Oviva Candidates Guide3 “The Oviva story started in a conversation with a... || Oviva Candidates Guide 2023_new.pdf | Page 2 | Score 1.5173 | 12 Our Perks 13 Our Interview Process 9 What Our Ovivans Say About Us 10 Our Commitments 7 Our Patient’s Story 8 Our Ovivans How to Prepare for an Interview with Us 6 5 Locations & Awards 3 Our Story 4 What We Do Contents Oviva Candidates Guide || Oviva Candidates Guide 2023_new.pdf | Page 1 | Score 1.5499 | Oviva Candidates Guide || Oviva Candidates Guide 2023_new.pdf | Page 11 | Score 1.585 | h.i.r.o (Internal Referral Program) Help us grow and be rewarded for it. Internal Support and Advancement Financial Benefits Professional Development & Learning Oviva Candidates Guide11",pending
2026-05-14T21:31:41.093289,What is this document about?,"[{'type': 'text', 'text': ""This document is a candidate guide for Oviva, providing information on the company's story, mission, interview process, and employee benefits."", 'extras': {'signature': 'EuELCt4LAQw51sdfjAVk1bfm21BIG651BxILpLBwRX3ZapVhOmYgXKGj6Bur/wtqaSXhAlV/Ipk9sulWK/wN/gZ7UFvfwK3MwkmTF2ZpsA3YqKn+WBI99STiIntUMBY3EYtyHNGhOnvLacgONXuuPVFY7IXFOiLenmYYeAHGGNmroUTaM+f/O3TkAv04vHWxCzlLMACic/+fPCNpJMoY/BX1FM1Am7o+jObafc26SeC8UgThRiDGevfFAY6c6HE7dt03A3X57gQdFPlY4SdQX2zem5chnmbtAXo8Ix+YGbOANGXztsXnPhUtsBaZtBQf7zZjdIDSgS0kkU+xW9slbuUe5K583giAG5VYiu7n8QHvrgnGRbjzx4xm8funQA/7muo0bPHO1NThejdyqq5Zx6HrdEK0arKdnpheEp9iyrUtozXaAVRUyiyCZmZSwJHqv29xdkAExblFwevJDHWLdk4YggAX9fqtjM9xpX8+mttSmiyq1eu4vn/q0IfusCvGgPxuwIJr8LaeGdxgwXpthyU9XTibQEfxneJZzqaq0781VZ9yeByj74GRploemwwwLzFu+w+Wb++3+NE9x24PeNYKVs+zNL2iFNA2JvioU3+M3tboGnnA9H3QuJUYbTglmR+QLMnp+RFyVwSH96QjqKR2cb6k/i9nPsUdYSBYKvOhJLnjiba9HGPwpTsEWKv7nCMUjH5Fe++2yfCsyZ2LRMsYju+gBxOwCmLTguHrbx41+PrScMBWpTyirmQq/fjx63n/vS3X7aCVH8lWlseUQ41QqGaRuZk18sLsqeXIfj4eBOLdtlAZpPagBJnB+ztsnWLgc348OmqOmYb5K1WuuWgsKnwLiP5h5koCHs2/cL82WGAFhls/U5pLnbCyLNHUEm2pH6WDLne1FikDamLknPZperEHaQo5AXj//BzzVucTrrPoXreEjMdtV2vZMRpXgfuMZbfs6q7atZUhqfJdzQuqbSVnLAiLjGNKgbRpOlM5fxV7sunT6sIOjz6MvVh6FhPrfDCnhZN/gLpYcEQjx6Lcx6ts5LIloSnxQdrJryXY83J9WT8icHdTFz3d20e/Qoi+NIIIdOMCsGWlPhE1OCemUDHeYb0tKf1kguIQIoM5PeLONVzKi9ulMOJ0zVaezDhGTAJ0FCDzcL1vhUbd7heEYOr5klBPMJdGKgskvD2u5e/BcExHmquULlrNKknDWKIuhJG0v/FVEyUBHUIInDfxlbeYbZWfBOowrJXHmX94O43xA/RWkOuxDV3ows3iTtamML6nB6aI7nKulEHqhnCxkME48Z1r6PPtVz39HZLwixlnDHhgy5WGYrE4RUycq99n0HmbB/+GB/kB9GDSoe8Qgz5QycO/fhxER3Q6Ym1qGT3rDgpK/UIqWbcANR2Eo2l+/xbr7uLOgmF+NtOjRtqLZd/ZhDxBWrG6w7U/tDKpwT7a898G2DI7AB8jdPDC9qj5yamjgwlO5KPyXXYvoHLHVX3ReV5iDs16cilAxa6BE2PXATfCrlBnlP9UgziLf7NMaKzZPhmiPfhqba7v7KTLjDjWqQNvGpPB7eaBdoagX7nO5KU9e02lhY6HuRnZSVf6L4zNgvEoNrdSYJ70+P9MPo4oSYnf2YSrEBFsflpHrM+qd6MHGI5UeK2wrkOpPqcrb2+or9qDLka+vAEbYy77O1isAb37szH332twKYi+CArrcr5uhQuyqGsnwU4brmlD9Q0B2HraIhuLKiRJgauhopek39PxwWcCHRoEDSKh5MHsymm3A1kKuybANbJ4g7bd0XO913sENKguKGOmPYLLy19EHY+mtgkJM1tfYcQoGiKtp0WNF+x8x1nGtyoqIw0MkmThvyyIZa18UcJt7dDU7f+fuqE2oOXjRJDD634CBTmnA6HCoNSg0yFlU4kzGpWfsAQkjACHFYxNttja13vn+1pEBQ425U7dgE9QmgB/9uW/Oa4y/6JPQilP7JuWmRh1pKXb2OKUXQetncfNhnFmGQI='}}]",Low,"Oviva Candidates Guide 2023_new.pdf | Page 3 | Score 1.5059 | together, providing those suffering from chronic diseases with the care they need. Mark, whilst practising as a doctor, saw the multiple barriers patients faced when accessing high-quality healthcare and was driven to find transformative solutions to this challenge. Our Story Oviva Candidates Guide3 “The Oviva story started in a conversation with a... || Oviva Candidates Guide 2023_new.pdf | Page 2 | Score 1.5173 | 12 Our Perks 13 Our Interview Process 9 What Our Ovivans Say About Us 10 Our Commitments 7 Our Patient’s Story 8 Our Ovivans How to Prepare for an Interview with Us 6 5 Locations & Awards 3 Our Story 4 What We Do Contents Oviva Candidates Guide || Oviva Candidates Guide 2023_new.pdf | Page 1 | Score 1.5499 | Oviva Candidates Guide || Oviva Candidates Guide 2023_new.pdf | Page 11 | Score 1.585 | h.i.r.o (Internal Referral Program) Help us grow and be rewarded for it. Internal Support and Advancement Financial Benefits Professional Development & Learning Oviva Candidates Guide11",pending
2026-05-14T21:44:20.811198,"give me summary in 5 point.
","[{'type': 'text', 'text': ""1. Oviva was founded to provide care for people with chronic diseases and overcome barriers to high-quality healthcare.\n2. The company's story began with a conversation between Kai Eberhardt and a medical doctor named Mark.\n3. The interview process includes a Focus Interview with a hiring manager to discuss skills and capabilities.\n4. The final interview stage varies by position and may involve tasks, case studies, or meetings with team members.\n5. Successful candidates receive a job offer via a phone call from a Talent Acquisition Partner, followed by an email."", 'extras': {'signature': 'ErAQCq0QAQw51sehsilX1AyHWqat/N6/ycc69epFUqh54NuN/J0dCGAakkqVY1kg7Dm5auaNdfVKG+xXcVFug6OJ93wEi5HNzcBCSDrw1zVqA7NkRoyN+fMxfol+jTo1xOpPJveKv0PlPTb/b4f04oXv699luJ765nDIOTjJ1sWQ6c4ZdHfxBarabVK50oiUDaYp97hp0TkxXY+BsKakkCb6l0dWXJVONdB5q6hcaja6gSO1Ffkw/dri1gxktVU0CTIMA5gno9jdEuQBdBCmdtznDHdCR1WrLdJoIp2l/ppaPZsWC5grydSL66kFo28Sc2jN0UrR3Rhf8nYr5ujd/9qtfv4/iy5fpIuCoIdXHjnEarpLORSqsqBcXhXAZ6jXkjLnpUNl1cvBwxzdpY5mERg0ihpKWZDBnZtqrUC32bMrAYYCN2QueCbiYWkTMmlkCoLqU2loVlLaAcgIAzhnw//moXTc61BLLCa41XbMO3YrSfw3eOTOCSFthSRPHBFvWaamkFJ7oSQqQ1eZuyTC2QCIOUR7FEAnNUoPd592phc1IADjsW+7K57X+9p+y+XCYw5ymKNyhxlQxMbppgQMDUMyciRl1lSxwXYFiFqd7puilLQIRi/FWszwElkSdIbAMJtuOjyz/htbwFLyuMscv3ebwZy2nz/iZWchmO4NSBu5bF+9cIVp+z56oNvTsRs1bLEJEhxOWAn++RZrWgPc84LsKtel7dBjkiNuVK67V1EHokDPqUbwX2CqHVzFJWFRdDMk32HF3ziAlifD9QPdkcQf5OPISgrFIGhjHXFv44UXyjdAr9qVfsTLQmjDiLH3j46pIoOUJTZzyBwG7GoPqarx4f+gYlgDEl8UJ2css2Yj6ryulrHOoHtEY5ub5ZcV5hipxRDWHCeh2+t2i8VjJXp8n7xNgxZrk3TlO6X1HjoJ9uYrjCf51tZRritwtp2BJb+Ke+im1Ut+Ga2v9/yEEaSRaLuSpqVEkEe56czlBNfQzmxd/mU3mXH9mxenlgGVjEVZEq36k3jlBAVFBpNPrJ8dPpuxIKlShkxyZC3mq2DOGa+1+NCXuEkkgWginCYEZ/j3SwsD74tvJA7Adyd4b4IAgAHDbUQozyl8D7V472C0aDQ5Os/XKNI1Ja8N2dIUgE+yEDTsF3hwB90T3PWRXv+nUVD2lS+9QYCp6KMkS8lD8kIunnD/hcvGV05NBVfoyBDf/n69zy8kOnZ3iq1gmkQiHLLGg395EcX/qSGWAQxOqJmMQK5nqZQZt2aozgrXIx1NhYG9fBJ0e1JYTMsIIBdCe5yN1AKnmhCsZCWgWZ07YQ/RDhv7ySPHr+zgEFSm0x7ljZeP4WZNO6cQ7lIkIjlZeLDgs8hq2SHQRdnyba3UIgbr5QMO+pfYVIDGNfMC7NgjzrgPwdlW2l4ASGFWCa6BmnoQO9FLdG97o7qztjtVQQnOAnN3KBNWvAr5aaiWDjJqciCDySAIZW85QB2gZmTOi7MMqpRG4RrTmPqbLkA04alqSbIMUgh2nQwFYq+FGObfA8Scrq7qvsO85Bv4OhiY+3YzuffXgBxxDKlevEOM5roZz8lZ8tUjLh8mWvATjOM5wE+zO9ifQLq9eqgu9v9b/eEnMewiKS6p1fKiKR6XYxNhOGQlifFHG4sW5HrUslJme0bsNrd/Tp+enoky+2zEBaobWy1Bmf4q60hJZSmKfkSpO74KBNdN7V4gHJ3DNikeDXQpvmfuTcQVPcBwJkRQ+gQCwDJajHhTGOFVMnl/1y67OPliqLokqKFtNUQOL1+gU1TcEk2YDyA9RT6PrvqTmFe9f78YHlA9SYtc6sL2BnzR4xaUEgohmT5f0FqRV91tJ9uJ4XRO0jXnAJy3Ua5VfNe/VmV3M+V3jn2pmr0jrI6WeJqy7iF10oW/5/fPUnkMlVvYl79mMa6Wmh1NTkSg2HWGjw6ufI0bt5r6ylr1YLptQE6VYDQ31EVdLImTolf3aHxcFhejGrwc40lZdAxzFZGDrwxxQ23XWE+Z+JX6q1kl/uV9DA2e6nMsG76qXPmHrWiMbqjXVhydWw4jmazzI/a3jmEg5yzEpUmOx2eyXljjDyz8YLJLIdNIIV2n05nUw/Vj5LOj+avrUhqaIL1MnFaSnrZNaBoXxGOrqAF25kBksBgKg+jS6fI4DI9aFY8qiX+bEVW46EYTbvqRMtB5l3Ri0ma1Xy4o50qz/po29qjAti9VuYOmXjfS5JbZQqXtwDFqTRoE5/9B4u6sgdJm4MbRPM78X4znu4457EIbknzQfMO/zC05uDce/+EeFPez/cwju9BNHI3FM6xxzS1Az0fhQO9gggnntq0G0DVVbWcD5aDt0Y5niBz2k/qR2aVfaHtF0Z3idGDbDbfn5DhxriyVfYfkYk6Kma5XaHYh7B5KKiMuhlnJ6DMnAfsdjk47YQCm8F2HnkuvqD1EEevvJ6+8Ds/qrGGJkBvZw7dcJnT2bVK2l7XCCyvM8N4MzzomMz5kSwTgl9m6KchjjhfHTeH+hTtg0NontM9qTpkYIjYfdluw6WTtzOHd5rTZBO/517Oucm0u+wVv4QnIorFqiKjJLtl0+VOAB3LwMQej4zv8LI2FeIp1RxQRbooI3Q47aMBaFS92Q0OBzh/qr+SdWDYg3O7WRxtqlW8Ec16KSG+yLbga+IOu+ADjOh93J6mUj/pIQrbe/bWxbYuioiHcvN7ItX/FpHcWQkGoNHUnG1CZpnbai8BKqbyXniXbi1KpW8Pg9cpmsr1iEC6L1fA+H4qMR7m2Ex/FD6Txkm2ArGg='}}]",Low,"Oviva Candidates Guide 2023_new.pdf | Page 2 | Score 1.6631 | 12 Our Perks 13 Our Interview Process 9 What Our Ovivans Say About Us 10 Our Commitments 7 Our Patient’s Story 8 Our Ovivans How to Prepare for an Interview with Us 6 5 Locations & Awards 3 Our Story 4 What We Do Contents Oviva Candidates Guide || Oviva Candidates Guide 2023_new.pdf | Page 12 | Score 1.6893 | Our Interview Process 2 3 4 5 Focus Interview This is a more in-depth discussion focusing on your skills and capabilities, you will meet the hiring manager. This will be a chance to showcase what you can bring to the role and the opportunity to ask us any questions. Final Stage The process is different depending on the posi- tion you’re applying fo... || Oviva Candidates Guide 2023_new.pdf | Page 3 | Score 1.6921 | together, providing those suffering from chronic diseases with the care they need. Mark, whilst practising as a doctor, saw the multiple barriers patients faced when accessing high-quality healthcare and was driven to find transformative solutions to this challenge. Our Story Oviva Candidates Guide3 “The Oviva story started in a conversation with a... || Oviva Candidates Guide 2023_new.pdf | Page 14 | Score 1.7238 | Thank you for taking the time to find out more about us. https://oviva.com/global/en/career/",pending
2026-05-14T21:50:37.661167,What is this document about?,"[{'type': 'text', 'text': ""1. It is a guide for candidates applying to Oviva.\n2. It provides information on the company's story, interview process, employee perks, and internal culture."", 'extras': {'signature': 'Eu4VCusVAQw51sfVgDYPOTllMcUqwkTfgqgKz/5/qL93vb8vUz7Hza2lUutrybCxjNsvyA3R8fxtMiwlu5MuLSlNhdqnaUuPj5XR+4gQAJhk3hQ1H4S3WZzX+CD2Wd8HdOmr866EYqB9U+80pH8FEeL3cZDYFWgUc51v3UKIAKQozhC/2ieZcsplgvx9rSSlMTMkXH5sxWFrUr7qNpe3fcekXMhPDLr7BDCt2I4Pp2ZZw0oISUNAZOHouEBdsMRoE9CvzqJ0p5LQgmPxLV2rONSmnOHuuHI/aqRM7YQ5dw5Go6rfK0obCLKv8GKPvaqPdJ4BwCluLfZSst/OxMQIZjtkmYy+J8EmS4yQeemtacaemJ1v9RLCb2CdtFLnW0gFHOGfqrlE6WXwF6RfcexuZGxsvG0LffsYuU8oR8fvIQ979XSP62nPGuVKnfEoZHw/nDZB6xxCXdGOHQgfgnufp4pbB7+DK4Rz30czssS4b5Vjs2rllCG8SN/xhj/BKuPj+sC+XtHQUwKnn0+nj+MiuBDOZqMub1lt6k64914AaRnlhF5+7MFzZS6lSyQIrtMhSR9hkYxi2aCh6NUuRwAMGLaGfAxQ4oFagKKYmzFYfFOcmFlqj5yDn49vBe2tORipdu2ulDUh+UPu1HfusR3J8GklH8PpV1AhprKwKMhlNTQQXzIy+DOWwXYPb5mCuXVw1fYhmwzhOLrOK7WSlu41kQPYe51Aa33EFa3yoEEZhAyjvGjaqFHELDvSg0BHg41SGOp/vc3jOpMJmyAtjgW5Nz+Gy1YAmAw/XTrRd0fiRUV7+I0ahoQLJwkDiNIMRw0KN+bwXGZXNBxLzGaHPNj5HsCvimcv+A3MgR90plfuKlXKFP+OTOxbsnIjNKm0bvydqHDK2wEz/fTjt/jdqTgSOfL8yyLvWaKmj60JWUH9gcdWcLckVfWn1EU+5xxeQPJU9qIf9V/MxYvla8lQr9vJnT9EK325rd/BT3m5jy2MrHhxgVjYYK/XoxBtXtwmTh5t8QqN0KY7q6cS8js9LiszXOn+b1dyKWnlTTrL/8e8yxS6yplfMGVbd7uHSzaeaYyQ4R8eonZvFLoSmSaAkIlcmiKWH9uVUliXVNgD8vOkSLA9kpRz3ywOF+MFeJoWmyUANQ937JJP+Y0CXT3q1ET0EdVQEiu9b8gp7RbHQK9kQHSo4FYZ8Q7bS4UyD0Br9Jg01ogp6EfB+5zDs19dTqvNW7Cs9hmPiTnle+XRnzeuVXf0vervVoNULXEs7fVc0Pd0uTgnKJLt3rlzByEvTHtMWRcy4Pj0qTJ9UDCJm8hqa75Jf9sXhPzkXVK4gb2L+EyF7FnBEHW/I6/7jxnklOuOHeb+xtFtrvHouXxhvQBOgnSW3G+lAwlKDchcCJqIMebZtVrXbVtqGq+OgRJVqZFHf2LvBe0re748XsTY0Oo/n3cen/U6JfpAYb4Qp5JJuqKs6HTzmQcHxUWEl1khrLQDeezd9eF4wAMbs8b2IiUCu+r4OhSAnvUE6pF96AHcEyJNq314IsvTG+XNPVHVm6s1wKOoVrBSeR8a2mNpMbeu9dTygDnhgThr8bX33/kSocn2NJjeHA0QNWnprmJrD7ohTZV954jp7toX03m4N4xxTFik8ZCh+pkg4pKYYkRZeHGgMR7tvAIlXWGzBvRCCdvqUdvf67+4ySWx6V1/r+scjkbfHMGn29FEw7kYbp8648DdcukG8OmLFTGUhYpMexVI7z9uRCCrYeqGR9+Q3zkR6+Vi9NfFZ0OP5CZXa5n9SY58Tf3rMWAqimGk8UE4Qk/ZrDG6Hn42cs5FY7rtXX/sRVu95PavS++WZXINW7v2g5XdQ6hGBvDaatmL+wsuJtHmyeOtCs6kughhWdyL3kF2937uqjjPH2tRj7ktVhN5EBHXInKfIO2uTVMEul29OQLTa+UsQwyxnm3X0GOcd9NEopMuiYwEA+BH1A5sjIQ3ZVUJlYMSWkBB44vQZw6GvlHyCZCeJ0WP7w6kR0vu96jAnfqUSXqgzSDhOeSC1Xy6/e71qVD+IsCs94USUkB5S7sIMOZLfs3Moerra4JHjX6sCzT5BEqXrw/H7yix0desX3bFUnprCur9WEHt3HTiYoUPFiPsPm2xJSXHTBUxOH84a+cYoOLxIx6VopFxMPlDZQzL1fyPbFvBPYhrpHEELk+Y/JhHB1OowzA7rs/aWfSKFGLQLQuTlDg3Fu0axf/WxIFHlFE+HXnQYDUKLslsptw/JIjQs+hEiO8L/GKaRNybfhT78+wTheV/FLy/yR9wHjQ8xo6rc/DkYtNWeghxmX+EhyZ04MW7iFyjRLDgKC4gkiE+lH4iVdldZNVFMFgAHExFNbmomQXV3zHsxgVkwdNZ/jJ08JS3HNwavOSlM4LQJUT5F8WaZsbL4aoQcwQmrVLrtOWpaE+ec5aY19+Y5ds1i4OO0nDogj5ijev/sIvSbHO2t5OQFuMROMvqk0Osr5xWUz3pZjrJF9HKFHI5tnVwPxRWNLMd9pojEEfAReF/Im2J9MS97Q7ifdO0EcF3ViN95KnkevXdoj2Q7OlXoptJwvvHh25GI7cu8PxXdZFpuDm4LqFy8sizsOxcgxynjK4UKeL+u2Jp3ZCUMNsh/9Uo5q07L6ALf5A2nX0PX837F4f04Z+zdrFdJ8jYfXc4f6xzdPnrhshOEJdl2+4B+Fl8O0n1PbgsqY6MhoFNzYllruaWjxTQT3jHhk7bl76SKeJ/0HrxhnUWEl9CvxZSDH+jJWBcI+eFGxL8jSXxMHpJ4ce9+TN0RUBUNCo8y0AgJNk5sijTtD68pGlK8YleOjf5dDNcggiuXOUqsb5XctFf4TDFi4k10C3EDyh/VE5yhvtzwLtFqNenSk/kNCr0wFsPFYXqJULj4elJmAt8xTh9L9b5kjIn/8uK5afQXjdCUFXnxNDddGb23VcERzEF3nopdY/hW6vbBkaXFjA+IjfmV0utb7ggfMU9XpkhNwi7nl5dpHgl0xCW98yy8REJrwgPdWdQyKec4TB61MjglZ9YZ4RZT75RqbRTE6p3W5xy0Dvo8g2UgVSD3at+OQ69HEUXeM/cl/uny2bWvEkZzeK1AL/SulbS3+exXnGWbFfwDeTMkoDWPRXOx1xlbCYxz8XmJfYVaZllRo07HYdgmR5GvYT49jAh7zPo1MOJK8q3NlrRxi7EM0iwA/2NlT8XW1KCNOcxjZ+fEhlcGPOpbV0ue2qWTCT0bOMzpabdRjdkf9XH78ecnxzZX43gsBUJo7LqMXpAWL13UrqWudMo0w49r1a5s1JHoMNjWP7DumKGc7Qq4yRTsTS7lcwe7fSZDYxENB3bwFg90LO9ylz2lavkXYPE3yN3shcPTnH08os0UgpnxzRjYtX5/axEvnOEcTsJXWwscTS+PO157QGNe18E8zz+XXdPSjVoHjs9ZaMzZBGswCK281Scs4ZDnvWGmqaRgL7pUyf4ZzneFwe9TS7bFfnI6YqU1YHpZ9a5bhuWoQPqSVVcfnb9VzKvN2qj9xF45hs+zcCsP+1ZwC9dkZuYA375odeKrka4a2nlCSGCryOzo5+44SNxJ+Is9LNR9m6nheR8wBRDVEnUQXS+1qyCw+gLRsUCbvs48Jmh4Jm0cAHADr4devpN4Ug88LQ25Ut2NDs9I2lA+2hhQH63MgBzOWYQCN4xtLiQRD2990r/uxOo944K+nmgJg8Py0/Q6JFmUDg='}}]",Low,"Oviva Candidates Guide 2023_new.pdf | Page 3 | Score 1.5059 | together, providing those suffering from chronic diseases with the care they need. Mark, whilst practising as a doctor, saw the multiple barriers patients faced when accessing high-quality healthcare and was driven to find transformative solutions to this challenge. Our Story Oviva Candidates Guide3 “The Oviva story started in a conversation with a... || Oviva Candidates Guide 2023_new.pdf | Page 2 | Score 1.5173 | 12 Our Perks 13 Our Interview Process 9 What Our Ovivans Say About Us 10 Our Commitments 7 Our Patient’s Story 8 Our Ovivans How to Prepare for an Interview with Us 6 5 Locations & Awards 3 Our Story 4 What We Do Contents Oviva Candidates Guide || Oviva Candidates Guide 2023_new.pdf | Page 1 | Score 1.5499 | Oviva Candidates Guide || Oviva Candidates Guide 2023_new.pdf | Page 11 | Score 1.585 | h.i.r.o (Internal Referral Program) Help us grow and be rewarded for it. Internal Support and Advancement Financial Benefits Professional Development & Learning Oviva Candidates Guide11",pending
2026-05-14T21:50:54.386764,What is this document about?\,"[{'type': 'text', 'text': ""1. It is a guide for candidates interested in working at Oviva.\n2. It provides information on the company's history, mission, interview process, and employee benefits."", 'extras': {'signature': 'Er4QCrsQAQw51seJ19iVIpUnCYFOT2n1z9dPAVQJp4uzXIKHFHNiFs8iTHaUmSFMdc888skwo56oJz1+9v4/I/9FA6c7/x7AbCQxJFEHfaosdvk4iSKu5wW7yXsNiA64XHAmxM/ni5jQZH7D683OPQ6+36kUDRSLP65GOzSvtCaaGP4Pwk6+97OwNT+5+/Gkks4NcrBgCahyKtGZmc7/P2W1bpltrIfNuxTF2y+tmeRtjCXMq6ioSiU07nu14jILu8zmxEeHkyE2enNbC5djNL8k1UtWjp5B9F5VTlHxVylnFh6Z0MbivPnwVNktgZhzu5hvJzFCkXGLiCbo8IPFANS40PBqs6B6w+2EX22JZm7/swFDHiXRyj/r7AB9fWixDRzgenaOlKPZwRDeIeuHkh3ybpU6/NPXQ9DaQTCeoPuYsEcD5MzbQ1Gxy6tSU9tC+AoVxwA1R7pOm27PUphW8g49aWTQYaBXPIbtc8nbAt/9sFqWK0X1dIH9g4nCU+WDshiwhgX8r6mkWBdfQTcEbTxTZqhMCjx+iW4s+w2c0VZlyl98fq5XeQZeL0ElM+ag7gPWm/86ctSmES3CcTEEoopP7Sh5Ut9U/jSDXa/Jla8ZmI2//AZ68xMAlCy0+lf0EqkFKfToycKDApBl7k4UOm1trfqUdEpiHFqU9QMhWQGdDxAD+NIBNSjVLm3AguXMVbuYX6FokibXeDMMwiqOJgHmzr3O4/8rdCDqgCBDKya9eSbQTvTIqWEfMMzjqs6cspsNZLLahc9Tkiwi9c0M63TiiH02rnaoVmCL0DIl2leD9hHUiuvgTaGwSlBlkjKLn+B9KkzlTKORw74Xxrl62lPIKJVQDZROcUoAsOJ2yJvhpEke50Meohrpz+DP1phlCMesFmMzMYG2PKXEFA3q2CD3OXUrwADN0Jr51/tfTH2F/1nF23fode8Z68PFRwYpFIisVGFJ5hsg6t8gq8gS5Z9bHSyzM/1yDbadwGBkQxB9i8SX1MktOAjubSQA4U3f7M339qzqBT4tYe+M+QhkOYXpaKoJBvAo50VFb/sdJF8hbtjEnQGDSa1immWRXPTZi5MEx+sGrEn0KZZGP03ApnLPxOlEmrXqauUxOPqZrm7cKFJntfub7rnBw0BcOP8kcmWqt7YkVEBrdZQ3wqdwiscVxjVRqSWV86OQa4n1Kgmkn4BUqFs7XvHOC1bbO9CxzvmiKE+Y2eg1yz9LSxMqarY0azI9D2U4MyiMbVT4VH6I3CgCvdb/3pSuwqaoNABjOjksY0qflC1YB30fILsF1zoTcK6m63XvcxMbzCbr1dtu+gDnm/zhHRV8Js5a5kr09REqr7deXiJYE6JAU5O7fGl6fcZtvlTJmTokC/cr/fEsFyNgHnCQ8hcTwEVAz0HECo9vjeZ7RjIEqS4anWC4SHeoQnhhogGDXOXy2SfZBJbcyUwnW6WsK6Pj7VWgQ+71EO/e3D947A29TCkolUsta28bWbLqtfD1nGgnusnnhSNF9KTe7jySXh2BeX8alVSj4nEqJeu3yban7rpqXrMdeENvT1O27o7OQD+VCKyy6hRJhDbEHdm237dAIITNUp2+JQUMKh7+nQJVVtbH8GobJj5kfPDPY+mNo6h6S+/H7WLW0RpSXeubEfcTENW61Aprn4AEUlk2tJ5A+xXomMbQadLM8nRGHwy8BlBQZOV3X7XZlnZeYQCOJoW9kObQANCvzMDWQuH/fUIWJvrspO6KUOjfZgQW7Plfqk/MW8b2ckNmB/ktEXGR7BtUQqPxbozIFxid+wNZZb30LjgH6OsTSeers64EH5AziGpp3FW4iq67Gn58F6qSDjDgRTQdWYQlKEEuUBIYf8IPgAzQwXrzHhT8Heg9Ch+HYUeqw8oSpm3H7JBdUsv4mTthqv/3QzGAKP2+LTNgK9fEqcZiCjosuT/AqUT9l8PYekDfXYG8VYzUx5fgp415ffmMv8+DxHRN7i5E+A+vCv1K08OQqmbX74sYelDpyYbZ4VVeNQbifsyn1Y9q7WdOtULXTSyE2NDTt+3Wlu7i177UdxpyGoSNiK8nbUZwAGzM+Y9W5WFjmwf3f8tMtIRWAyDwGVTT1M0R50HZ38ALhlCVR9Sh1botRK3iU3oIiQf5F5sDmqF0/awr5uu+sj2L8wtXDwQZmXAPdQjC4A2V5DWBf69WwYaso337hFbyB6y9Uk9lMsTwePgb5nA5Bx+xCSn9ZU78GP47NFS3yWW2Fj0a9eDDPPsMBH4+Vxtngg1zN2hsqhU8QAr3yPPyLjYIQnKUaolOGCUqgnEpRLZRPMWO4PYNoGrex8q0/0El+5ppwSoOWhpwCRLZgFSRqF46Dfncu4Ut/9mJsZjQ1H+x/OnRemg3FpGpvCAZ84WedIiEb3iuQxezTM15wgVwfmZ75DPXhojQ8tiX5LVOFJWsNeaZxeocgmXIqtXd8hfuUmgqW/4vjVAVbrujR4el3IEa+TA7IA3Fbjm2N66QjXni9pyESPflW7Jew/CoflgFYHaFY8/7jvIV5WHxBAANrWhxgCtdeA4RKckEnqM3fzzHy3ffCVFMKCv9tpVlLegaMGr0MIbSTDwBvCdh1GDV1BtBXA40Xj4NJ4oiN3MV13SzF0TY2BQQnG86H3DkOACWfw2G7OIwT87ef5WItpFzYnmX/QGYZoprn3Hwu7QlNz5Gb/llHrM2fICMZAwdpax8hqxxXVnJL8lN4oeI/FTbGauJ3047UCQQLBNJ7G3OG4zam0xgdVq5N2at7546ZDG0d3SFho0LDRWNJaI5DhngOYvENuXhn5qNkijK2A=='}}]",Low,"Oviva Candidates Guide 2023_new.pdf | Page 2 | Score 1.5745 | 12 Our Perks 13 Our Interview Process 9 What Our Ovivans Say About Us 10 Our Commitments 7 Our Patient’s Story 8 Our Ovivans How to Prepare for an Interview with Us 6 5 Locations & Awards 3 Our Story 4 What We Do Contents Oviva Candidates Guide || Oviva Candidates Guide 2023_new.pdf | Page 3 | Score 1.6179 | together, providing those suffering from chronic diseases with the care they need. Mark, whilst practising as a doctor, saw the multiple barriers patients faced when accessing high-quality healthcare and was driven to find transformative solutions to this challenge. Our Story Oviva Candidates Guide3 “The Oviva story started in a conversation with a... || Oviva Candidates Guide 2023_new.pdf | Page 1 | Score 1.6264 | Oviva Candidates Guide || Oviva Candidates Guide 2023_new.pdf | Page 11 | Score 1.6498 | h.i.r.o (Internal Referral Program) Help us grow and be rewarded for it. Internal Support and Advancement Financial Benefits Professional Development & Learning Oviva Candidates Guide11",pending
2026-05-14T21:51:23.841474,What is this document about?,"[{'type': 'text', 'text': ""1. It is a guide for candidates applying to Oviva.\n2. It provides information on the company's story, perks, and interview process."", 'extras': {'signature': 'EqgaCqUaAQw51seLts+k0tZySn5zviWPfOEy1+4bZwwQgNSpMqii6vJOAzSg+oQnstoJ4KvNROqxtaNY90M9w6FRgnt4p6V/CCx7Xm48XjGwAZ39wRP+GyfV0X8K4JDBCflrzT8x14IOr5rqB8HDX2x3TY2gUnEyRHgcMEiVM5IryEW/AoUyJfW+YGN3M5kcQDVX8DPr9kCt897YHyufhihlGgf5GGMsrGZCKJ53eajimefEQlhIJIIIjSeJsXCkDZ4wn/wVD+CfRt+AdX31EGFSC3wzggFx6hRUJD+8lU06O56OkFBUF3rlVXpuAVQsAb+e5Bse9Tw+6sYHXHKBqtQ7dC4GZCWeCeRyz1BHkJJztPWZGgHLMaZ6Pv+zrhCkvg95BZ0la9Cjtn8h8LbjAviyh4rP6LNTlNRAOEaUpsK0bxVK0vOYrL/9NWgsG1si4EfImYl3/Mbg+ncKnVvnHtHU0X5Dn8e7EOPTXzpu89gfgKtgeYl59G0fZV/Ackip2tonUXXjd8MlhWklVAv/l/Zme44C+k+jKzx4AjA4Z0eWkC55Y8BmiQ+cy5XiwdNKXY/S8bodIi3puTY+DgziEF88NQ79D0TvftglXDYd7RNA4Gh9iRM4HPYqTcViCR4gToBmLlaIIZ9U4h80If72IJi2jTeyP0t4Pt7B/Wb7+EJ3Fe8HSVFHuXD9AtOU95wIe+Ni97sTiTHJ21635FobU4pDdp3ZNYb5ObdGX9ny6R7RvAn7s/SdzAgiuP7nJHUstk+DeG7uwOv6VgKXQV83dK1RdpyjAwFTY6e9hm5yYoBT9spe0VqbK1gAHPy4RAcDGUTJObXwlfxwbDYxgPVpqkzgWzFY2ZABQrhBdAewsv5eSIFZjoZ92i611NREtwUjsZu0XWm2srG02w+kgqRVdEEzH/UtSUNQjlR/d6zT/NHo7SWEE7CaOOV4s4uINRaJQVVCMWXllG8s1eKGJK1BnvyZB6pqOGLRrc26XBmlH8BGJ4AkCy2zrDfyXRwNIM27owsOsJS8tuotG6x7gu0XdHUZu5MIMoi37LXwcqLZUMjePbD7zRlELd98H9XLo2w+FsIu9oEpJzpLwGtEUVs63JVb9WlwON5KfyAllJBDZ8To8zouiH3z6U/qD0qzjwfri7S8dRFCfM1lqRm4HQW+o5JkIgJkxFBPNOWg14nGaofDdAdj7m7kB38QbXjB0NMyo4aae9J8GIGD07SYvM94eQo3dF3jjatpusBowRCC0u5OrQbgNFj0kMpj481JCl6JcBFoZVCQPIVIK55SeP7e7amIBGxjH+YqafOAR4P7sgls0Fy8qDnbXtAiwddlGiooAL9ioA+uvDPzjnYoOznKBoEDca0omtDvNKDjR365pcCzZqdmLE2VC4GpS2UiuZm1nfFKAYglAI5wu2z8b4lTeS8sG/srUl6MRpw2Xdj/CfxFNbMINPc4mG6f2QB3Oi5Ev9pJFyoC9H0tKhTgbn9egQkl8QhbNsBzUoe42mjbJP1NX1A2MEQozoLL+JlKKpD2GFz89z3h7EL8rE40F3U5u7xG3s441nLQP7aU5MV4XzhyVGVdGtPBoAblXgy04o0OQjZ5Wkr1xMokupWPOdd5AFc42tm+u+NUMsCfTElMZq1p3pDylzBI91tkouD0FdZXkSY5315Lu1yVVzHRHFkE4mBdw1cBfivPYsTEvQtmc7/nWq6eZyZoX99QvMiQSuVOZ2sGaZLvKofX5ozNWY88pKQIiRfPNpy0VLawnBqTI3i2XaX64qse82ZTzOIgEm40rJarXy0RmLSvrEXr6T7jIUyTcOelHp1Nm8wlt0UKWYkbRBzTWknMVyuX3xd1k/fbGJ6BOehklR56V2/DYBfd6W2Ee97SyHNsM3gfEDHwfqsS1qNvLgjJXcQUlDS1BoieonBfRG99w74p1SXk2kv6JcLurVCowXAfAFu70brOIl39qRJcZLn5FUgjnPe+ji3+DBPCz/gCw/Y/U8MTk+2PQNyYjOhzdSndvKI6uOsYa1u2hz3Wu1N4eMdkZd3rD/6sLw+WyK7UqnwK4YdCAj4hw/rQw8NB4O8LkV0fJath2x3cHbMwERDs60OHRst54NFxzTM9exBBHcEUPdFaWFKrPLQIy+11duJp/p0/aHE5a1Yv2ONTS7Lpqxm4pKRwV4zcOEAefVdAM5Gr4uEMDtpy9nG8tzRtSAzYH2LbVVBYDZD7oTuuH79H6t2GDKeQNaDY9bB9CKlKUyXJ654/1gKWI333jXySYKITuCaU/nhHnWf99Gk3IMC06b10Cw35MKLh3wIfokFlxPP2sQ5tLcQSC4qWAcZCWUVvcnWsWqcTwAijxrAiFMU8zNO59vASNyBiL1pjWuozLKzgTbx70e5dTUX/uS8Z50UQEeodbV+u+9CJ9DAcEl60AViBznt70kDH9mg1+TLwHDYUee625Lk7gIfDWmgeUroOa1wj1kySByvDIfx/iLe83X82yRwvB9v/D2tl4VSQWX46M5xh77JRSzg6fdFlgdBm9nej6MnUyFisJnd4EhdeATG0c9Q1iNwefIIwvQ0WW3n0BpxNg7HUe0q5pfQmUbadyszR9u6ry3botXMlGhqmjxL2K7mibWirHQPLwgyY7BPrmw+WBmIrAiXVc7XMTt7tGT0wPsPcyTkbjcE6uPcGZSWoXcF3sz5PnroIEORh45JeFQiik0tUFn+2rz6EdUxFiRn8S9kqCkbeugjRZ3a7sTSsXO5b13iwgU3hyFiaG1M46dj8OTk29WdxgVjUmzMaeC6yHsfA1LFNigffl6jRifIigVzOngLW1BnRCZ7+qezrfVr7DYw4uqcL0ETeKDoUuaLoHoQ7ES4jTYZ/ZASjurxF7vi64KKmW/MiUOmhbxcDXPj2Q84f37wKsCayI8iZVf9WEFnmm4qBtJCi0yXAfMU4ur3BzWm6zoQD56rzcJ/zrd4MVewROduTFPHcslNY0ZdEyaVzTNTal1SR4Xp/BFsAgPfbzbCfmxCrXHot7k9ePOdJvZ6+1KmZEGUdvZ/JtMk2wR9gsH4s6ZoLQ7jbKrqlm3VMEHPf2eQZefOvdI9nBy7tmtoM2oX3diAQ5wTEpgijjAE61SckbFBvzNy+e/eJAoLsQqnu/a9Ki7D2aQYJOx2rEsDUYaYJMO2+gHqOvTgzRyow+CS4WGt76QGEtL4kss+Y3e7tFBvQHzo/QZIbyaqg1/gIezZmZPsdNv+Aj31xq4fcwC7wOcE10yrcUebgllMyTyv/gDUOfR6JtBN3oL5it8gzFpgOfZg2bHfP+4ydglAPdkMeQV/llyFabsqsvSHhha8nThyHXtxgjoalONvbQ+o8s1xuy1bLLyX2LEMi450StSHqKO826/sFkUfTMmnvvB5CikfrVrl3FD8oKJcUuhPihuie82VzdiTRYgc+7A7yT7hW6P/wB6NxN1V9HAJHHNLnxaFuxUSAEVKI9wLq7SFwH3Nzq4N9r22Rbl0KfqcPWFgponeMNnUlrwn59GaJyIgRDfZz8GbZ/sybp6whl0Oo1xOMOeIuu1u+tCEGeove8RcBIEICsCmUyviXQg0bl1Ql30c6YGFBIt0rgPmFN4ocGrElZ6p+LwGl1UbYZaLA8ZtHj5PlaI57x2X+4sZyVf60GImD5WvGsDaIaN6/lDkv1MiWqVOBwDs/Zb0ivzBi4SiHZoEdxtbMYDmkR8z5+hJXXcssKtuttDBhduzsVF+O65ilIU1Xid8aRBQauYOLNesm4pe/kfaSKkQTZJtAt/QLysfznd6546hZLlUNBhk+tHA4kO7rDj/tgdVpkawJ/cHQGOkCBetjQnKh3mYTEJK62axbkU1Rqug4ch12OHCQyHvO9WzPlc2MxN252wY6FgKJbcwEAlmfZtiMoI3MVawU8QWD0bCULK54zyJZ+09Gz6vmJ+ftW+dk9P7Rl8vihMz9vYPmR9kBAAnAyHwIxMz0fM7Jl5dDLTcHG4LX2XdfsoMGrD/Ez7Fcu2hkQ54BAaEyb/iASxeVYjqH0Mr5wDaDaB3/ge0EqWaTQ/sUBfHP8EBdKIlfiJnd0uZ4gx9jQ2jGxyyl/6bHLrQmrfkweXDg/uV2fOfl00whxUKTIJKwtYTtAQRc7Yfn0tOQkKibU5PBef6y1o6Pcv9CRryCeRaoU+gdd2YDRK2/mcVI5cAbX4EU00QrqVPehvAFiT6ztZc9Vh3xyeZorw05LYAcfEpZ4tQ9PFI3+Yin69mKn2ChdudIsoxM11kQUv1sUjnl0sjRKdk5OW39W0F+LbGMzFSQTd00HcXiFIVnxLE6CvP7TiavRd+jZbeZki1n/+Pa1lEIL9wABKdZ7T7rD29Lpsu/QyaaSYknvbnbO1U+ol0aewCQy5o7knyrEyGmcx3Lcyf3ED5Z5V8rJdNr/weORfPvYyCw+GNw0phSvtcp7mV1UcE3sOz0fL0qQM/zvoj7eTmDLfu9YiKBCwKP387JL1POb2WoCeX5KrNfYF4='}}]",Low,"Oviva Candidates Guide 2023_new.pdf | Page 3 | Score 1.5059 | together, providing those suffering from chronic diseases with the care they need. Mark, whilst practising as a doctor, saw the multiple barriers patients faced when accessing high-quality healthcare and was driven to find transformative solutions to this challenge. Our Story Oviva Candidates Guide3 “The Oviva story started in a conversation with a... || Oviva Candidates Guide 2023_new.pdf | Page 2 | Score 1.5173 | 12 Our Perks 13 Our Interview Process 9 What Our Ovivans Say About Us 10 Our Commitments 7 Our Patient’s Story 8 Our Ovivans How to Prepare for an Interview with Us 6 5 Locations & Awards 3 Our Story 4 What We Do Contents Oviva Candidates Guide || Oviva Candidates Guide 2023_new.pdf | Page 1 | Score 1.5499 | Oviva Candidates Guide || Oviva Candidates Guide 2023_new.pdf | Page 11 | Score 1.585 | h.i.r.o (Internal Referral Program) Help us grow and be rewarded for it. Internal Support and Advancement Financial Benefits Professional Development & Learning Oviva Candidates Guide11",pending
2026-05-14T22:07:05.192888,What is this document about?,"[{'type': 'text', 'text': ""1. It is a guide for candidates applying to Oviva.\n2. It provides information on the company's story, mission, interview process, and employee benefits."", 'extras': {'signature': 'EvURCvIRAQw51sdyCoYsGHWO3v8F9jN0blc/PzJWOsfBC6lVaUlt+g01bXp1ULAhgl4yP5NYMjMwPI8N39mn2jpbrjsoQJorxQ0GJunxekB1gggyrZrrXk56zVyZa5gDzAIvuX7hhLBAmQKjY/8qlsS5HK20vKWQR6Pc2idmqwAiJuN5H32BwPt08H1GVRWUODnY2/5tqPhneNx/R+mSfEffTgquctVW/ujo9HaLJygY0pq26uNNvmDKH7CDL8rE+7cxT3uTujU87109htUQd/eKuYQi84ZybnaRReYxiIwOs/tJ5EyaWzKVJjdQPM49uWuWwA9igHH7iXRVhzw9nO/TsFI36GXoso0d51Ky6VazG8jOm/Wrla4jNQ8kNQLXznaS8+17B96Eb43xAl4VC09pisYLUjUU4O0H/eeJ9542Z/I7YY1krxpEKSN+D0EdLBf4+nmsTHvDZoxK7W/+t3gMgiAtXJo3R0Ax4efwIxGE/iBpRiW8MGtdgF/iNbgws2qugUa3UAQlpyC3gAJ+xEK5XTQ62bg/gPEyW6gKm7kwKvSYlf+RsJE9SdgAlSBFeur8BoOatyxF3CXjePKXPxHRtrFbQdZ6Dyr3SywUWyCGas/TH8bg9oSaWC0U7+k6BQEz+pp5os6VPGb0XN62P/Zgpc/huwHhHUGAgm1rOpxpfkf3xDmQADcyJ9KURYE0XlHawuaeZwAkPstkz4Ne2yY6oun/K/43wFD+X8YKMIgPbSNshT+8o5+yp2KjsQj9AFSjHWy5PdTP5AIxdPeH5wM7QurfUXwaZpgHst4iWnpV4f0mxoWXpbg/OZNUdLdqyESc7Jf7bxd92os3GVXwhh4YMOrZXzrtZH+jatQ8MCZeKRZbaT4r3NfHwaX8iRuQo69wRC5+sni2aVp6iBK7F7uwaMlD7tQ/rOBf6rogZtKwHL0EMa51zv7zJZkPYtGbI+zfuwpeFRFYTk8qtrFo/LeHnJIhW7LNxAW+Il3sDavaZrGA9Fi8eJwQO8/mPaCzUrPQoiUpWhD7HMjG2oFvc7eOOKyMsiriwm9KtSWWstsUkP0ReQExCNVWXoVNWwyn9Hih3vIJREgf+vV3p3jZlIyex6BlVqB9sOhLjUts6TnRG1ewftWpU6ZP6eNNmbHIADsDagrcfpqWG08+wDg+yqquk9OeBvnDHTy/qStyP3Jm8akWxU+56/G/Um9siKn8yEb2tNv6ZgzpgFynrBh5UeGCd3gU1yVBQnzoHZ/JhBPAnP5nxLMtb8r9Or+bqkCMQxbIsigXZni2vFXBBj01+mpDU01ECjWZWrp1ZNtT8SXLB5O8iLp9FKVYH1WYWZRf6oE0G3rcaIOC5NeszPqss2RSNjeIreQczQhv16+2vQV4kckCsArsGPX+y8350/D3sOnSwyIglhKf7Ozt9NOpB6t0kYqp8gYPd7ngkhYWB24kVCUkKGCV1XKhdnjaePCkWAd5ukAl8cjZAZoBxiYgE9kSVACFNVneogdd8JF9/o2ilExeAKp4a/TCqdyKy2ON3zVpZ4HTWX3yWbzGvvYhGXvDBdabs3JUmsMF88/GWxKgHbtFN2jn7wBfn4+Jooe13iER5YHA/65QKhtXRzWoLYkzNLYCZwNo5jAGxhAsYzHYIZwRyt+Nlp1ggqpGbAWxVcRV7O8ZewsZJ85Sk7hVyR6JCtd19PtboQZzycnATfcyjRi44rDGZATmIOy2c2Lww8xlVILadHYYAbabzCdOz2XQRdAgH2LVN4BcoGvLdWwylv5cib4lm7VEBWOHX0Q/mFZ0bqTonrDmlD8TlNsvZPnqbkIiuVWMzfHbUrleu7o1+lH1AASbTWqrIC1Z31AM2u1Q5/9U2f4O0JuYCT1CC2i0N9stedO/upf5ZS5Xj5CuvwfIoeYmgROsiZvZ9FplsMgXlF5rOc1VqT2cxQRaU87KqJYh9/djyH9PGo8XzuVLM6T3rBROE17UCsc6SKJHaCowy45lU+GqmUkXwYJAMF/kbQSOQQPy0HpKMsJA+LCnoMtOcBBDIxpQ/xtbd7JuBChoHV7THQpMiZkjdnCWSjg2rpCv5wok8V9iq+OghpNlQu5oRucl8J0Tea04OX6o5s8RKBpg5+Q5H8SFwgCp+xEIcxU1ql9MNhMjLIXzLTkBYfjtxwnGgDLVoVkSNuos12t71dwef5qrAaS/KvmpUFaGmZ7f0oUWTccWTwp2mstUymLXzEgJuRbyoLysVC2fSaQ9yxHaXwm4scO/3ENRiB/f1psM4bm6yUXSrFdqCeSUdQBpZQhM0bZijKsB+7FCGVAQN2jEBg7c/yQuyDWb8h76g3eA716rjQGyedNf+nQfv+4rXqm9Dr8i01Q53aNcjAiuSzGAdXI+zDIQzlP9GeC43k4q7oTuT9/ubVLjDrZhhBI5I6VVu/UzrRdQtZfAOPdoY9iCjeFoWrLt5QQUjp6jcM2Dw1n7T94pc7yd2lq34p81Lp0e08MZaktSKtErNwWaFzEw3ilEbZGAU9CJ0XtQDHvfYPyEFR7a8mz445NDr8QmEhpiI8biHmHAasexpC6HcBpK8MUHM63ZpNXP7qGjJ+FM289a3hkcQmW1IC7EGOhYamM9gKSGHZSSnZnRyOlndBqQrcN1S5mdpCyHphufHEYtlEu6lcDA5Y3ce9S0w9z6wRfcdfDlDFnwgLoP4CJJLbphCkS9LWGrnBnzHgzd48jiRHWH0Tr5kRvMVxX1OemvP4UPFYuDRS0vUcssRLoIksmVXuKzxgi6/hd8SX+y1uN/wC8mS/BQXQBuP3RgRHHpjKlcDjUrKV8uxSKIc5xUaRT7+7W1LRgsoV8GDbo6NoI6cL1X+jRZX+5t7bd/F6a6IN2byTpB4szTCEf1zHBZ2QgX5sGJS2SUKQMwsD4y+0VnK/OVUKkBM4H93eYVjFm658LgY4L2aS3avU/zB8IaBZVSX3tIA4XORCorkbkGPMOORTAYOpJY1wRCVeVT/m9tYep+ROl9NcPhy6BinLFb9+9j9VuKkBTI5wsUE9u4ry3hLeVmu8ro2fI7cNZEYlfClb5XFw=='}}]",Low,"Oviva Candidates Guide 2023_new.pdf | Page 3 | Score 1.5059 | together, providing those suffering from chronic diseases with the care they need. Mark, whilst practising as a doctor, saw the multiple barriers patients faced when accessing high-quality healthcare and was driven to find transformative solutions to this challenge. Our Story Oviva Candidates Guide3 “The Oviva story started in a conversation with a... || Oviva Candidates Guide 2023_new.pdf | Page 2 | Score 1.5173 | 12 Our Perks 13 Our Interview Process 9 What Our Ovivans Say About Us 10 Our Commitments 7 Our Patient’s Story 8 Our Ovivans How to Prepare for an Interview with Us 6 5 Locations & Awards 3 Our Story 4 What We Do Contents Oviva Candidates Guide || Oviva Candidates Guide 2023_new.pdf | Page 1 | Score 1.5499 | Oviva Candidates Guide || Oviva Candidates Guide 2023_new.pdf | Page 11 | Score 1.585 | h.i.r.o (Internal Referral Program) Help us grow and be rewarded for it. Internal Support and Advancement Financial Benefits Professional Development & Learning Oviva Candidates Guide11",pending
